Nazwa aplikacji;Nazwa firmy;Koszty;Kraj;Wersje aplikacji;Data;Imiê;P³êæ;Przedrostek;Stanowisko
Overhold;Livepath;$6176.14;United States;0.7.2;9/20/2019;Donal;Male;II;Human Resources Manager
Zontrax;Zoovu;$8019.34;Portugal;01.01.2009;5/20/2015;Donna;Female;Sr;Automation Specialist III
Voltsillam;Einti;$9322.08;Canada;0.81;7/30/2019;Prentice;Male;III;Chief Design Engineer
Sonsing;Teklist;$7244.75;China;05.sie;12.09.2021;Gideon;Male;II;Editor
Trippledex;Einti;$9835.41;Bosnia and Herzegovina;0.5.5;11/14/2018;Ruby;Male;Jr;Social Worker
Subin;Babblestorm;$9411.12;Russia;05.07.2007;3/30/2022;Arney;Male;Jr;Paralegal
Lotlux;Riffpath;$8480.98;Ukraine;08.06.2009;05.11.2018;Madel;Female;Sr;Analog Circuit Design manager
Sonair;Mynte;$7726.99;China;0.2.8;11/26/2021;Wanids;Female;Sr;Operator
Tresom;Rhynyx;$9445.92;Peru;wrz.83;3/13/2021;Marietta;Female;III;Data Coordiator
Veribet;Jatri;$8337.18;Indonesia;lut.39;2/26/2020;Lawry;Male;Jr;Software Test Engineer I
Overhold;Gigazoom;$7056.24;Comoros;0.68;1/17/2021;Sukey;Female;IV;Assistant Media Planner
Andalax;Skimia;$9392.35;Jamaica;0.29;12/16/2017;Angelina;Female;Sr;GIS Technical Architect
Fintone;Skalith;$9771.16;French Polynesia;0.23;7/29/2015;Jewelle;Female;Jr;Help Desk Technician
Alphazap;Mynte;$9860.36;Indonesia;0.8.5;05.04.2018;Westbrook;Male;Jr;Senior Editor
Sonair;Edgewire;$7003.25;Ethiopia;9.0;6/18/2015;Merissa;Female;III;Payment Adjustment Coordinator
Span;Buzzster;$6695.74;Ethiopia;09.sty;10/28/2021;Codie;Male;IV;Recruiter
Voyatouch;Yakijo;$6521.90;Philippines;0.6.1;8/20/2018;Cathlene;Female;II;Nuclear Power Engineer
Hatity;Camido;$8387.01;France;lut.64;12/23/2020;Tilda;Female;IV;Food Chemist
Job;Zoozzy;$6354.92;Indonesia;0.8.2;05.02.2018;Raddy;Male;Sr;Senior Quality Engineer
Ventosanzap;Zoonoodle;$7734.08;Indonesia;maj.89;4/28/2020;Leland;Male;II;Pharmacist
Tempsoft;Chatterbridge;$9219.72;Russia;06.wrz;06.12.2021;Filide;Female;Jr;Research Associate
Cardguard;Photolist;$8206.93;Canada;0.12;05.09.2017;Jaime;Male;Sr;Software Engineer I
Daltfresh;Babbleblab;$6505.59;Indonesia;04.mar;02.09.2018;Emlyn;Male;III;Senior Sales Associate
Prodder;Blogspan;$6756.47;Russia;sie.51;6/27/2016;Avrit;Female;III;Software Test Engineer IV
Prodder;Blogtag;$8736.65;Curacao;lip.63;5/25/2018;Saba;Female;II;Nuclear Power Engineer
It;Yozio;$6172.47;France;0.90;3/17/2017;Stephani;Female;Jr;Accountant III
Rank;Meembee;$9230.56;Honduras;0.6.6;6/13/2019;Dalis;Male;IV;Geological Engineer
Ronstring;Janyx;$8081.92;Costa Rica;09.09.2007;04.11.2022;Percival;Male;IV;Community Outreach Specialist
Lotlux;Meezzy;$6285.58;Argentina;01.sie;1/23/2022;Wilie;Female;Sr;Biostatistician I
Bigtax;Shuffledrive;$8713.90;Indonesia;0.4.1;01.02.2020;Ellyn;Female;IV;Information Systems Manager
Ronstring;Twinder;$9704.25;China;07.sty;01.01.2020;Natty;Male;Jr;Editor
Zaam-Dox;Flashspan;$7029.45;Luxembourg;8.0;3/17/2020;Thain;Male;Jr;Quality Control Specialist
Kanlam;Tagopia;$9656.91;China;0.2.1;09.07.2017;Tammie;Male;Sr;Operator
Y-Solowarm;Gabspot;$6727.39;Sweden;0.79;10.10.2015;Alisha;Female;II;Executive Secretary
Tempsoft;Twitterlist;$8185.76;Indonesia;08.kwi;7/19/2016;Quinlan;Male;Jr;Editor
Voltsillam;Oba;$9520.45;United Kingdom;0.69;09.10.2018;Armstrong;Male;Jr;Senior Cost Accountant
Zamit;Tagfeed;$7576.31;Indonesia;02.02.2003;5/28/2020;Milo;Male;Sr;Civil Engineer
Zathin;Eabox;$7488.39;Canada;04.wrz;8/13/2018;Thomasa;Female;III;Senior Quality Engineer
Prodder;Quimm;$6057.18;France;05.03.2009;3/22/2018;Cyndie;Female;Sr;Technical Writer
Veribet;Jayo;$9314.88;China;0.37;07.03.2017;Wilmer;Male;II;Assistant Media Planner
Aerified;Quamba;$6816.04;Canada;03.cze;12.10.2018;Kurtis;Male;II;Food Chemist
Bitchip;Yodel;$7452.22;Philippines;0.1.5;7/20/2015;Marlowe;Male;IV;Biostatistician III
Aerified;Quinu;$7042.19;Sierra Leone;wrz.41;02.11.2020;Arlyn;Female;Sr;Chief Design Engineer
Trippledex;Quinu;$6796.92;Armenia;0.66;6/27/2015;Patty;Male;Sr;Office Assistant I
Voyatouch;Skibox;$8569.37;China;0.70;07.03.2015;Brandon;Male;IV;Payment Adjustment Coordinator
Redhold;Snaptags;$8807.78;Cuba;06.mar;05.07.2022;Adrien;Male;IV;Senior Cost Accountant
Opela;Centidel;$8930.16;Indonesia;0.6.8;3/31/2021;Vin;Male;Jr;Cost Accountant
Bytecard;Tagcat;$6805.22;Kuwait;05.03.2002;08.02.2021;Marian;Female;Jr;Human Resources Assistant III
Zaam-Dox;Realfire;$9245.73;Mexico;06.maj;2/18/2018;Kiele;Female;IV;Senior Quality Engineer
Fixflex;Mita;$8374.75;Uganda;0.3.1;06.06.2016;Almeda;Female;II;Financial Advisor
Konklab;Mymm;$7396.35;Myanmar;0.5.5;5/14/2015;Tony;Male;II;Physical Therapy Assistant
Span;Pixoboo;$9509.70;China;0.8.1;4/27/2018;Phyllida;Female;II;Geological Engineer
Voltsillam;Quimm;$8797.65;China;0.42;1/22/2017;Tyson;Male;III;Help Desk Operator
It;Yakidoo;$7255.01;France;kwi.61;04.04.2022;Curcio;Male;II;Internal Auditor
Sub-Ex;Trunyx;$7908.19;United States;0.4.7;3/30/2022;Rich;Male;Jr;VP Quality Control
Trippledex;Skyba;$8839.92;Indonesia;08.lip;05.01.2017;Jedd;Male;III;Food Chemist
Matsoft;Yombu;$7573.56;China;0.24;12.02.2016;Rolando;Male;III;Structural Engineer
Fixflex;Midel;$8903.51;China;0.59;7/14/2018;Reggy;Male;Sr;Quality Control Specialist
Konklux;Blogspan;$6938.18;China;03.kwi;2/17/2016;Lucina;Female;III;Social Worker
Prodder;Kare;$6052.68;Norway;0.3.5;11/23/2019;Reinhard;Male;III;Pharmacist
Sonair;Buzzshare;$8820.09;China;0.7.5;10/16/2015;Aldo;Male;II;Financial Analyst
Sonair;Brainlounge;$8370.37;Russia;0.6.4;7/26/2020;Adriana;Female;IV;Accountant III
Y-Solowarm;Topicstorm;$9138.15;Japan;0.72;09.06.2021;Celinda;Female;Jr;Business Systems Development Analyst
Kanlam;Jabbersphere;$9707.28;Philippines;0.4.8;12.10.2015;Dorothea;Female;Jr;Dental Hygienist
Subin;Wordtune;$8338.28;Ecuador;0.88;1/30/2016;Melly;Female;II;General Manager
Alphazap;Yabox;$7318.99;Poland;04.02.2002;04.07.2017;Edwina;Female;Jr;VP Marketing
Redhold;Pixonyx;$6855.67;Russia;maj.20;3/20/2018;Legra;Female;IV;Cost Accountant
Redhold;Trilia;$9789.73;Ivory Coast;09.03.2009;01.07.2022;Channa;Female;Sr;Software Engineer II
Tin;Bluejam;$9895.23;Philippines;08.01.2000;10/28/2021;Ulrich;Male;III;Nurse
Voyatouch;Roomm;$6758.04;Greece;03.09.2004;11/20/2021;Gannon;Male;IV;Sales Representative
Matsoft;Skyba;$6959.10;Cuba;0.3.2;02.11.2015;Arv;Male;III;Quality Engineer
Overhold;Kwilith;$6902.70;Thailand;wrz.82;5/24/2017;Isaak;Male;IV;Occupational Therapist
Zoolab;Zoonoodle;$6587.52;Argentina;0.31;10.05.2019;Marsiella;Female;Sr;Paralegal
Job;Lajo;$8290.72;Peru;2.0;1/24/2019;Tonia;Female;Sr;Health Coach IV
Stronghold;Zoomzone;$7596.72;Canada;0.6.2;3/21/2020;Imogene;Female;III;Account Executive
Sub-Ex;Wordpedia;$8675.07;France;01.01.2000;07.08.2017;Phillida;Female;Sr;Legal Assistant
Redhold;Skyba;$8786.99;Indonesia;08.kwi;9/19/2015;Sam;Male;IV;Graphic Designer
It;Voonyx;$6581.21;China;maj.72;08.12.2018;Ephrayim;Male;Jr;Analog Circuit Design manager
Fintone;Flipbug;$9479.72;Peru;mar.70;3/17/2016;Aidan;Female;Sr;Associate Professor
Rank;Pixope;$8612.67;Indonesia;0.40;12.06.2015;Stafford;Male;IV;Analog Circuit Design manager
Toughjoyfax;Jabbertype;$7437.21;China;0.8.6;12/22/2014;Giovanni;Male;III;Sales Representative
Cardify;Kwilith;$8121.32;China;09.04.2003;4/27/2017;Wait;Male;II;Recruiting Manager
Y-Solowarm;Shuffletag;$8189.10;China;0.22;6/27/2020;Amalita;Female;IV;Geological Engineer
Holdlamis;Jamia;$8635.67;Indonesia;06.01.2007;4/25/2021;Lita;Female;II;Assistant Manager
Tresom;Buzzbean;$8771.32;Venezuela;0.6.2;11/27/2015;Samson;Male;IV;Engineer IV
Sub-Ex;Realfire;$7171.23;Thailand;0.9.5;11.06.2020;Robb;Male;Sr;Product Engineer
Tampflex;Tazzy;$8317.30;Peru;07.lip;10/28/2016;Montgomery;Male;IV;Analog Circuit Design manager
Fintone;Fivechat;$8916.50;Philippines;05.07.2002;1/15/2020;Forster;Male;Sr;Account Coordinator
Toughjoyfax;Eamia;$6274.47;Mongolia;0.52;07.08.2017;Ingram;Male;II;General Manager
Otcom;Realcube;$9006.10;China;maj.28;11.06.2015;Marigold;Female;Sr;Recruiting Manager
Pannier;Twinder;$6212.27;China;04.04.2002;2/20/2016;Otto;Male;IV;Structural Engineer
Namfix;Skyba;$7632.25;Mexico;07.09.2009;05.02.2021;Justis;Male;II;Compensation Analyst
Keylex;Ntags;$7766.24;Indonesia;0.4.2;2/25/2017;Chandal;Female;Jr;Accountant IV
Flowdesk;Voonder;$8673.18;Thailand;0.67;10/19/2022;Misha;Female;Jr;Engineer I
Alpha;Pixonyx;$8232.67;China;0.24;02.01.2021;Braden;Male;IV;Sales Representative
Bamity;Yombu;$8264.43;Indonesia;1.0.6;8/19/2021;Seline;Female;Jr;General Manager
Sonsing;Kwinu;$8813.40;Greece;05.08.2006;10/22/2021;Gregg;Male;Sr;Chemical Engineer
Alphazap;Photojam;$7463.50;Russia;01.09.2009;03.06.2017;Anthea;Female;III;General Manager
Trippledex;Oyondu;$9228.24;Ecuador;07.lip;9/20/2015;Gaspar;Male;IV;Analyst Programmer
Bytecard;Leexo;$6836.61;Cameroon;lip.86;2/23/2022;Lucy;Female;II;Analog Circuit Design manager
Tampflex;Feednation;$8273.24;China;09.sty;08.12.2021;Maribel;Female;III;Chief Design Engineer
Holdlamis;Centizu;$9954.40;Nigeria;07.03.2002;06.12.2019;Shirley;Female;II;Geologist I
Tempsoft;Quatz;$7223.85;Libya;03.wrz;07.07.2015;Allis;Female;II;Junior Executive
Bamity;Flashset;$8766.29;Luxembourg;0.7.3;5/24/2015;Waly;Female;Jr;Desktop Support Technician
Otcom;Realbridge;$9900.17;Brazil;0.2.7;03.05.2022;Bradley;Male;II;Senior Quality Engineer
Y-Solowarm;Aivee;$6499.62;Ireland;0.37;8/22/2020;Nelly;Female;Jr;Payment Adjustment Coordinator
Voyatouch;Jabbersphere;$8969.99;Indonesia;0.1.4;10/26/2015;Yard;Male;Jr;Accountant III
Regrant;Gabvine;$6571.38;Russia;0.8.1;5/19/2017;Sarge;Male;Jr;Database Administrator II
Subin;Dynava;$8733.88;France;02.kwi;12/17/2018;Audry;Female;III;Developer IV
Konklab;Feedfire;$6091.72;Czech Republic;0.25;08.08.2015;Bella;Female;Jr;Office Assistant III
Lotlux;Mita;$7824.79;Czech Republic;09.07.2004;2/28/2019;Janene;Female;Sr;Physical Therapy Assistant
Zontrax;Kimia;$8135.99;Philippines;0.55;8/31/2022;Meryl;Female;II;Help Desk Operator
Transcof;Thoughtstorm;$6949.80;Poland;kwi.31;10.04.2022;Fergus;Male;Sr;Systems Administrator III
Ronstring;Cogilith;$9447.61;Japan;0.5.8;1/14/2018;Stanleigh;Male;III;Operator
Bamity;Meembee;$6190.52;China;lip.38;12/22/2016;Angus;Male;Sr;Geological Engineer
Subin;Pixonyx;$7315.85;Sweden;kwi.36;3/15/2018;Mariann;Female;III;Geologist II
Andalax;Fanoodle;$8478.18;Philippines;0.6.7;11/20/2015;Hildegaard;Female;IV;Software Test Engineer I
Wrapsafe;Wordpedia;$6738.07;Philippines;0.55;04.01.2019;Perle;Female;Jr;Desktop Support Technician
Job;Feedfish;$6801.90;Bulgaria;09.05.2006;10.04.2021;Rafaelia;Female;II;Civil Engineer
Subin;Riffwire;$9150.71;United States;06.sie;12/17/2015;Nerti;Female;Sr;Accounting Assistant III
Sub-Ex;Fiveclub;$6779.99;Sierra Leone;05.02.2008;7/14/2016;Janette;Female;II;Help Desk Operator
Flowdesk;Flashdog;$6570.77;Brazil;0.4.4;07.01.2022;Niel;Male;Jr;Administrative Officer
Home Ing;Lazzy;$7119.34;China;0.5.7;11.01.2020;Gerti;Female;Jr;Tax Accountant
Trippledex;Twimbo;$6950.28;China;0.68;7/19/2022;Lyn;Female;II;Senior Financial Analyst
Opela;Tagtune;$8711.69;Portugal;02.wrz;03.03.2018;Waldemar;Male;Jr;Office Assistant II
Trippledex;Flashset;$8990.66;Philippines;0.10;11.09.2016;Robinia;Female;IV;Research Nurse
Hatity;Demimbu;$9814.37;France;05.cze;01.08.2019;Rees;Male;IV;Senior Financial Analyst
Treeflex;Eabox;$7829.65;Iran;07.lut;10/24/2019;Elvira;Female;III;Assistant Professor
Regrant;Kanoodle;$7230.28;Czech Republic;08.lis;1/22/2018;Augy;Male;Jr;Help Desk Operator
Zathin;Tazzy;$9033.49;Luxembourg;cze.89;6/24/2015;Marina;Female;Sr;Librarian
Andalax;Avavee;$8297.60;China;03.04.2004;9/23/2020;Mandel;Male;IV;Environmental Tech
Holdlamis;Topicblab;$8251.82;China;06.cze;6/28/2022;Charlene;Female;Jr;Technical Writer
Voyatouch;Realmix;$7435.67;Philippines;09.09.2001;12/26/2019;Noel;Female;Jr;Nurse
Job;Photojam;$8344.37;China;0.1.8;03.03.2015;Ilka;Female;Sr;Senior Quality Engineer
Andalax;Jabbertype;$8604.06;Brazil;03.wrz;8/25/2019;Maudie;Female;Jr;VP Accounting
Tampflex;Skyba;$6791.64;Thailand;08.09.2009;3/26/2022;Sybil;Female;Jr;Biostatistician III
Flowdesk;Oyoloo;$9351.96;Colombia;07.02.2009;12.05.2014;Jimmy;Male;III;Accounting Assistant I
Redhold;Skaboo;$6652.73;China;0.12;1/17/2022;Cammi;Female;Jr;Automation Specialist II
Greenlam;Skidoo;$7676.09;Nigeria;7.0;05.06.2018;Jamie;Female;II;Programmer IV
Duobam;Twitterwire;$8908.52;Philippines;sty.20;05.04.2019;De witt;Male;III;Administrative Assistant I
Holdlamis;Miboo;$9525.96;Russia;mar.21;3/18/2017;Jackson;Male;Sr;Occupational Therapist
Cookley;Centizu;$9910.94;Sweden;04.05.2007;06.04.2019;Fleming;Male;Sr;Web Designer II
Transcof;Edgeclub;$7105.40;Philippines;06.01.2004;7/18/2017;Haskell;Male;IV;Information Systems Manager
Bitchip;Eire;$7795.83;Indonesia;4.0;01.09.2021;Davidde;Male;IV;Budget/Accounting Analyst III
Ventosanzap;Youbridge;$8961.71;Russia;0.34;7/19/2021;Dyan;Female;III;Structural Engineer
Vagram;Topicshots;$8173.27;Indonesia;0.80;3/23/2016;Igor;Male;III;Teacher
Tempsoft;Blogspan;$9238.24;Indonesia;08.03.2007;8/25/2018;Chad;Female;IV;Web Developer II
Fintone;Oyoloo;$8183.44;Thailand;07.04.2007;6/14/2022;Isidoro;Male;IV;Paralegal
Tres-Zap;Mita;$8940.61;China;0.87;03.10.2022;Lion;Male;II;VP Product Management
Tempsoft;Zoovu;$7764.04;China;0.22;6/19/2018;Herschel;Male;Sr;VP Marketing
Bitwolf;Yakijo;$6425.75;Malta;05.maj;8/23/2019;Carolyn;Female;Jr;Budget/Accounting Analyst I
Tresom;Skimia;$8858.31;Poland;0.7.8;2/15/2017;Walden;Male;III;VP Product Management
Holdlamis;Yakidoo;$7406.55;China;06.sty;7/29/2022;Ramona;Female;III;Paralegal
Sonsing;Browsezoom;$8426.94;Venezuela;0.3.2;07.01.2019;Grannie;Male;Sr;Senior Editor
Zamit;Mita;$9234.31;France;mar.72;5/26/2016;Marta;Female;Sr;Project Manager
Viva;Quatz;$9629.57;China;sty.20;01.05.2018;Marianne;Female;Jr;Chief Design Engineer
Temp;Centidel;$6408.05;United States;07.05.2003;11/19/2015;Jacky;Male;Sr;Structural Engineer
Aerified;Thoughtsphere;$8213.40;Honduras;06.gru;7/20/2015;Mozes;Male;III;Registered Nurse
Prodder;Feedfish;$9546.47;Russia;sie.91;8/13/2016;Ricard;Male;IV;Civil Engineer
Prodder;Kwinu;$8897.65;China;0.4.1;11.11.2017;Donella;Female;Sr;Environmental Specialist
Prodder;Realfire;$6719.45;Colombia;0.5.2;09.03.2015;Powell;Male;III;Executive Secretary
Cardify;Leenti;$6200.33;Democratic Republic of the Congo;7.0;05.07.2018;Wayne;Male;Jr;Executive Secretary
Ronstring;Tanoodle;$9078.32;Russia;04.maj;1/31/2021;Howard;Male;IV;Programmer III
Subin;Edgepulse;$9604.04;Portugal;lut.59;2/21/2018;Mufinella;Female;Jr;Assistant Manager
Biodex;Twinte;$8583.14;Greece;07.maj;08.01.2022;Hollyanne;Female;Jr;Data Coordiator
Konklab;Avaveo;$6163.76;United States;maj.79;4/18/2015;Caye;Female;Sr;VP Sales
Biodex;Katz;$9883.73;Honduras;08.maj;03.04.2022;Normie;Male;Jr;Database Administrator III
Toughjoyfax;Mita;$8716.21;Sweden;0.2.9;02.02.2019;Marietta;Female;Sr;Clinical Specialist
Aerified;Twitterworks;$8166.67;Cameroon;01.mar;07.10.2020;Brnaba;Male;II;Help Desk Technician
Mat Lam Tam;Roomm;$6616.14;Indonesia;03.lip;04.04.2022;Rosette;Female;II;Software Test Engineer I
Tres-Zap;Skidoo;$9178.44;Japan;0.8.4;04.05.2021;Vernor;Male;IV;Administrative Assistant IV
Flexidy;Jaxnation;$8450.24;Philippines;6.0.4;9/14/2022;Thatcher;Male;IV;VP Sales
Konklux;Rhyloo;$7885.14;France;0.3.9;03.11.2017;Salem;Male;Sr;Software Test Engineer II
Home Ing;Katz;$7851.66;Slovenia;lut.47;11.05.2019;Carling;Male;Jr;Director of Sales
Veribet;Photojam;$6261.03;China;04.wrz;04.07.2019;Angil;Female;Jr;Chief Design Engineer
Wrapsafe;Linkbridge;$7426.96;China;wrz.41;11/20/2016;Mildrid;Female;III;Office Assistant III
Zoolab;Dynazzy;$7511.36;Indonesia;05.03.2008;08.07.2022;Waylan;Male;III;Structural Engineer
Stim;Yakitri;$8197.84;Malaysia;5.0.9;12/18/2016;Charla;Female;II;Actuary
Trippledex;Ntag;$9975.80;Portugal;lut.23;10/28/2020;Rasla;Female;III;Structural Analysis Engineer
Alpha;Fivespan;$7930.38;Sweden;01.lut;8/26/2016;Yard;Male;IV;Senior Cost Accountant
Aerified;Einti;$8222.40;China;0.1.5;11.06.2020;Kendall;Male;IV;Project Manager
Kanlam;Mydo;$6626.27;Democratic Republic of the Congo;0.23;1/26/2016;Armstrong;Male;II;Tax Accountant
Domainer;Jamia;$6240.40;Paraguay;02.sie;10.06.2015;Cyrill;Male;IV;Senior Sales Associate
Domainer;Shuffledrive;$9432.58;China;09.cze;04.09.2019;Mahalia;Female;III;Office Assistant II
Opela;Linkbuzz;$7933.69;Thailand;0.8.0;11/13/2015;Tracie;Male;II;Human Resources Manager
Overhold;Realfire;$6633.58;Finland;mar.33;10/16/2015;Lisette;Female;II;VP Marketing
Hatity;Quatz;$7869.65;China;0.60;12.07.2018;Clerissa;Female;Sr;Chief Design Engineer
Viva;Layo;$9750.18;China;maj.42;2/28/2019;Joeann;Female;III;Geologist I
Latlux;Edgetag;$7030.09;Kenya;0.57;03.07.2016;Hillie;Male;III;Software Consultant
Daltfresh;Chatterpoint;$6601.62;Benin;0.98;11.04.2021;Roselle;Female;IV;Geological Engineer
Konklab;Yabox;$7701.73;Greece;0.86;8/26/2019;Jacob;Male;Sr;Sales Representative
Namfix;Dynazzy;$9161.57;Indonesia;sie.55;02.09.2016;Alaric;Male;Jr;Business Systems Development Analyst
Zathin;Mydo;$9668.67;Russia;0.2.3;10/25/2017;Renae;Female;Sr;Occupational Therapist
Tres-Zap;Teklist;$6892.12;Fiji;07.02.2004;2/23/2017;Hildegaard;Female;III;Executive Secretary
Viva;Bluezoom;$6254.14;Greece;0.19;3/24/2022;Jeane;Female;II;Research Associate
Prodder;Quatz;$6944.40;China;sty.96;5/19/2022;Alfredo;Male;II;Senior Editor
Solarbreeze;Voonyx;$6528.09;Portugal;0.2.9;12/27/2016;Aridatha;Female;Jr;Structural Engineer
Overhold;Plajo;$9238.61;China;03.lut;12/18/2017;Netty;Female;Sr;Senior Cost Accountant
Stim;Flipopia;$8344.06;Thailand;0.1.8;2/16/2020;Tisha;Female;III;Graphic Designer
Y-Solowarm;Dablist;$8427.96;China;maj.47;12/14/2016;Dennie;Male;IV;Project Manager
Voltsillam;Kwideo;$6485.85;Thailand;0.6.7;5/18/2018;Wadsworth;Male;Sr;VP Quality Control
Home Ing;Topiczoom;$9948.29;Jamaica;0.28;2/13/2016;Napoleon;Male;III;Desktop Support Technician
Sonair;Tavu;$8924.89;Serbia;0.31;2/28/2021;Friedrich;Male;III;Human Resources Assistant I
Fix San;Thoughtstorm;$9375.97;Philippines;0.8.8;11/23/2015;Marlene;Female;IV;Geologist III
Holdlamis;Thoughtworks;$9937.42;Brazil;05.cze;3/13/2015;Katleen;Female;IV;Nurse Practicioner
Hatity;Eayo;$6263.54;Peru;lip.91;4/15/2015;Roxine;Female;Jr;Mechanical Systems Engineer
Transcof;Brainbox;$8588.96;China;0.89;04.05.2022;Lorette;Female;III;Administrative Assistant III
Solarbreeze;Rooxo;$6160.61;Bosnia and Herzegovina;0.81;9/24/2020;Felicle;Female;III;Civil Engineer
It;Skipstorm;$9906.01;Democratic Republic of the Congo;03.sty;06.08.2016;Katrine;Female;II;Automation Specialist II
Alphazap;Buzzster;$7019.85;Portugal;0.29;7/19/2018;Wilek;Male;III;Pharmacist
Sonair;Buzzster;$9091.04;Poland;04.lut;06.08.2015;Bordie;Male;Jr;Financial Advisor
Otcom;Twitternation;$9999.48;Ethiopia;0.29;11.03.2021;Caritta;Female;Sr;Marketing Manager
Opela;Rhycero;$7952.57;Nigeria;kwi.34;12.12.2017;Ivie;Female;Jr;Food Chemist
It;Babbleset;$7205.58;Indonesia;01.sty;1/24/2015;Brooks;Male;II;Marketing Manager
Zoolab;Oyoyo;$6618.66;Syria;sie.93;12.04.2019;Giffer;Male;II;Electrical Engineer
Subin;Bubblemix;$6482.87;Sweden;09.09.2009;8/22/2018;Selby;Male;II;Assistant Manager
Latlux;Fanoodle;$6367.59;Philippines;cze.87;05.09.2016;Ellsworth;Male;Sr;Database Administrator I
Zaam-Dox;Mita;$9016.79;China;sty.50;5/17/2017;Delmer;Male;III;Help Desk Operator
Fixflex;Ntag;$9972.52;Germany;07.sty;07.10.2022;Lennard;Male;Jr;Nurse
Asoka;Thoughtbridge;$9829.29;Russia;wrz.78;5/20/2022;Moise;Male;III;Human Resources Manager
Rank;Quimm;$8072.87;United States;0.30;5/16/2020;Bronny;Male;II;VP Quality Control
Greenlam;Thoughtstorm;$6514.01;Bulgaria;kwi.59;3/17/2019;Feliks;Male;Jr;Occupational Therapist
Lotstring;Brainlounge;$9968.55;Democratic Republic of the Congo;2.0.9;10/27/2020;Myrtle;Female;IV;GIS Technical Architect
Transcof;Blogspan;$8843.29;France;0.6.3;10.03.2019;Sibeal;Female;IV;Assistant Manager
Opela;Demizz;$7269.12;Poland;07.lut;03.10.2021;Talyah;Female;II;Structural Engineer
Vagram;Dazzlesphere;$8138.56;Comoros;sty.33;05.05.2020;Reade;Male;IV;Internal Auditor
Andalax;Voonder;$7296.50;China;05.lip;12.12.2018;Durant;Male;IV;Help Desk Technician
Ronstring;Reallinks;$8421.16;Nigeria;01.lut;03.01.2021;Hyacinthia;Female;II;Environmental Specialist
Namfix;Thoughtmix;$8917.58;China;0.67;6/29/2018;Terry;Male;Jr;Accountant IV
Zoolab;Mymm;$6399.96;Luxembourg;0.44;06.12.2019;Thibaud;Male;Jr;Account Executive
Latlux;Fivebridge;$7638.44;Philippines;03.04.2007;02.11.2021;Avictor;Male;IV;Budget/Accounting Analyst II
Daltfresh;Meembee;$8477.57;Estonia;02.mar;1/13/2016;Kelila;Female;Sr;Senior Cost Accountant
Fix San;Tagpad;$6596.00;Indonesia;06.lut;11/16/2015;Candi;Female;III;Media Manager I
Stronghold;Browsetype;$7326.55;China;06.07.2001;12/16/2014;Bethina;Female;II;Administrative Assistant I
Namfix;Feedfire;$7540.05;Micronesia;cze.76;03.12.2017;Allene;Female;IV;Financial Analyst
Stringtough;Plajo;$9887.94;Indonesia;0.35;7/28/2019;Brendin;Male;III;Teacher
Zathin;Topiclounge;$7089.70;Brazil;0.6.7;10.08.2022;Thane;Male;II;Engineer III
Bitchip;Skalith;$6175.93;Armenia;sty.73;7/20/2018;Val;Male;Sr;Statistician III
Voltsillam;Voomm;$7329.58;Thailand;lip.81;3/13/2018;Sumner;Male;IV;Chemical Engineer
Namfix;Gigaclub;$9029.29;Malaysia;0.6.1;7/26/2016;Ashia;Female;II;Administrative Officer
Trippledex;Jabbertype;$9229.94;Greece;0.6.6;12/13/2020;Inglebert;Male;Jr;Database Administrator II
Fintone;Yakitri;$7042.38;Colombia;0.8.6;07.03.2021;Jed;Male;II;Desktop Support Technician
Gembucket;Dabshots;$7929.11;Lithuania;0.4.9;11.10.2022;Cole;Male;Jr;Executive Secretary
Subin;Twimm;$6704.42;Georgia;05.04.2005;1/25/2020;Tomlin;Male;II;Nuclear Power Engineer
Hatity;Tagcat;$9632.68;Russia;03.lut;7/29/2022;Penni;Female;Sr;Pharmacist
Namfix;Blognation;$7441.58;Armenia;0.4.3;10/26/2016;Vivianna;Female;Sr;Mechanical Systems Engineer
Matsoft;Ntag;$8055.52;Indonesia;05.05.2000;10.04.2017;Fannie;Female;Jr;VP Marketing
Regrant;Katz;$8378.80;Indonesia;lut.87;11/28/2015;Bucky;Male;IV;Accounting Assistant IV
Prodder;Dynabox;$7621.43;Sweden;0.4.2;10/27/2017;Julietta;Female;II;Physical Therapy Assistant
Duobam;Rhybox;$9417.63;Thailand;09.07.2009;07.07.2020;Anders;Male;II;General Manager
It;Gigaclub;$7556.59;France;0.2.3;05.12.2016;Fanny;Female;Jr;Physical Therapy Assistant
Lotlux;Oyoba;$9186.06;New Zealand;04.lip;9/13/2022;Rooney;Male;II;Sales Representative
Hatity;Abata;$7473.80;Central African Republic;mar.96;10/27/2018;Danyette;Female;IV;Food Chemist
Y-Solowarm;Eazzy;$7208.06;Malaysia;lip.63;09.02.2017;Jason;Male;Jr;Social Worker
Solarbreeze;Browseblab;$6826.29;Greece;0.38;8/29/2022;Hadleigh;Male;IV;VP Accounting
Temp;Geba;$7827.46;Brazil;0.52;6/22/2021;Orrin;Male;IV;Mechanical Systems Engineer
Job;Wordtune;$7445.72;France;0.1.0;8/18/2021;Muffin;Male;III;Environmental Specialist
Keylex;Brainverse;$7441.52;Vietnam;09.03.2002;07.12.2015;Dalt;Male;Sr;Safety Technician IV
Hatity;Browsezoom;$9146.36;Argentina;0.1.0;3/27/2016;Gilbertine;Female;Sr;Research Assistant I
Redhold;Skynoodle;$8118.53;Canada;08.08.2004;5/19/2021;Cecilia;Female;II;Analog Circuit Design manager
Keylex;Yambee;$9395.24;New Zealand;0.96;9/19/2022;Anthiathia;Female;III;Nurse
Matsoft;Yata;$7124.50;China;09.02.2002;03.01.2015;Emlen;Male;Sr;Chief Design Engineer
Voyatouch;Oyoba;$8921.71;Nigeria;0.7.4;9/26/2021;Brandon;Male;Jr;Senior Developer
Temp;Minyx;$7628.87;Indonesia;lut.20;3/14/2021;Yasmeen;Female;II;Account Coordinator
Stim;Jaxspan;$9675.32;Indonesia;05.mar;10.08.2018;Isac;Male;III;Financial Advisor
Vagram;Jabbersphere;$9551.39;Poland;sty.75;3/27/2019;Eveleen;Female;Jr;Geologist IV
Temp;Twitterbridge;$7239.81;Iran;0.71;5/30/2019;Owen;Male;Jr;Product Engineer
Opela;Blogtag;$8679.32;China;02.08.2003;6/14/2021;Elie;Female;Sr;Structural Engineer
Treeflex;Innotype;$6166.33;Turkey;07.cze;12.01.2019;Amelie;Female;Sr;Dental Hygienist
Zoolab;Buzzshare;$7512.40;Pakistan;09.sty;3/30/2021;Roz;Female;Jr;Analyst Programmer
Tres-Zap;Skyvu;$8129.05;China;0.17;08.09.2022;Bernie;Male;II;Paralegal
Span;Wordtune;$7601.03;China;0.4.3;09.04.2015;Morty;Male;III;Payment Adjustment Coordinator
Bigtax;Camido;$8421.34;Venezuela;0.2.3;5/21/2019;Adolpho;Male;II;Information Systems Manager
Rank;Tazzy;$8883.34;Brazil;02.04.2000;3/24/2018;Emerson;Male;III;Structural Analysis Engineer
Zamit;Jamia;$7463.85;Burkina Faso;02.lut;9/14/2017;Ambros;Male;IV;Recruiting Manager
Y-find;Yodoo;$9281.97;Philippines;wrz.43;1/18/2017;Dehlia;Female;Jr;Clinical Specialist
Ronstring;Oloo;$8116.46;Indonesia;0.7.1;12/26/2018;Ashley;Male;II;Design Engineer
Trippledex;Yodel;$8343.51;Brazil;cze.59;2/25/2018;Cleve;Male;II;Senior Financial Analyst
Flowdesk;Gabcube;$8266.16;China;0.2.3;12/31/2021;Joni;Female;III;Account Representative II
Voyatouch;Chatterpoint;$6635.36;China;0.9.0;4/30/2021;Jenni;Female;Jr;Nurse
Konklux;Yabox;$6349.46;Estonia;0.60;1/22/2015;Ber;Male;Sr;Account Representative IV
Aerified;Kwimbee;$9653.99;United States;08.sie;9/14/2021;Ilse;Female;III;Geological Engineer
Otcom;Avamba;$7292.13;Latvia;07.lip;09.07.2019;Rosalinda;Female;Jr;Cost Accountant
Daltfresh;Ntags;$9627.48;Philippines;0.5.7;11.09.2018;Stinky;Male;II;Software Consultant
Gembucket;Zoovu;$9964.37;China;06.05.2000;8/15/2015;Carlos;Male;III;Account Executive
Domainer;Youtags;$7375.44;Ukraine;05.04.2008;11.03.2020;Kristina;Female;II;Executive Secretary
Veribet;Flashspan;$6997.78;Cameroon;0.6.8;4/28/2021;Romain;Male;Jr;Actuary
Tresom;Feedspan;$7842.21;Palau;04.sie;12.06.2015;Elberta;Female;Jr;Geological Engineer
Tres-Zap;Skimia;$6209.09;China;09.wrz;6/15/2020;Hartwell;Male;Jr;Human Resources Manager
Temp;Quinu;$9590.44;Bangladesh;06.lut;10.09.2020;Danni;Female;IV;Quality Engineer
Lotlux;Latz;$7636.44;China;0.5.4;03.02.2018;Kipp;Female;II;Human Resources Assistant IV
Job;Agimba;$7128.85;France;kwi.58;1/23/2016;Angel;Male;III;VP Marketing
Quo Lux;Devpoint;$7004.45;United Kingdom;0.91;9/28/2019;Kalila;Female;III;Accountant IV
Alpha;Fanoodle;$7836.90;China;02.06.2005;11/23/2021;Burton;Male;II;Senior Financial Analyst
Ventosanzap;Lazz;$7419.50;Indonesia;05.02.2006;06.02.2022;Lilllie;Female;III;Teacher
Fix San;Mymm;$8561.53;Indonesia;01.09.2008;1/27/2017;Kathy;Female;II;Product Engineer
Home Ing;Realfire;$7381.68;Madagascar;sie.79;9/25/2015;Krissy;Female;IV;Director of Sales
Treeflex;Devshare;$6273.23;Indonesia;0.53;5/16/2019;Dee dee;Female;II;Operator
Gembucket;Zoozzy;$6822.40;Lithuania;06.sie;1/22/2022;Gweneth;Female;Sr;Social Worker
Cardguard;Feedfish;$9928.65;China;wrz.33;6/17/2020;Lancelot;Male;III;Product Engineer
Tampflex;Buzzster;$8967.22;China;7.00;6/25/2019;Isidor;Male;IV;Pharmacist
Konklux;Zooxo;$6263.42;China;0.5.5;3/18/2020;Ralph;Male;II;Senior Cost Accountant
Viva;Devcast;$6441.06;Kosovo;05.cze;2/27/2017;Stanley;Male;IV;Statistician III
Domainer;Voolith;$8580.59;China;02.wrz;02.02.2022;Stacie;Female;Sr;Web Developer II
Greenlam;Avamba;$7452.98;Norway;03.08.2009;06.06.2018;Spencer;Male;III;Media Manager III
Kanlam;Rhybox;$7997.66;Finland;08.sty;08.05.2022;Monah;Female;II;Quality Engineer
Viva;Jaloo;$7752.73;Guatemala;lip.41;4/13/2019;Alfie;Female;Sr;Legal Assistant
Voltsillam;Quinu;$6802.52;China;0.2.9;3/27/2018;Alejandra;Female;IV;Account Representative III
Trippledex;Fliptune;$6981.75;Russia;09.03.2002;8/25/2021;Nadean;Female;II;Chief Design Engineer
Duobam;Flipstorm;$7728.41;Belarus;08.lip;10/17/2019;Kristin;Female;II;Senior Financial Analyst
Zathin;Yombu;$6715.11;China;lut.27;3/20/2017;Carol;Female;IV;Research Assistant IV
Subin;Mydeo;$6199.04;Russia;cze.63;07.02.2018;Ilise;Female;II;Senior Quality Engineer
Overhold;Aibox;$6311.37;Indonesia;01.sie;1/29/2018;Eddie;Male;II;Budget/Accounting Analyst I
Cookley;Gabtune;$7807.25;China;cze.27;10.08.2015;Alfred;Male;II;Professor
Veribet;Blognation;$6926.57;France;0.17;04.01.2016;Giustino;Male;Sr;Senior Quality Engineer
Tresom;Skidoo;$6986.38;China;04.07.2007;3/18/2016;Maryann;Female;Sr;Structural Engineer
Sub-Ex;Skilith;$9948.82;Czech Republic;08.lip;4/25/2020;Joachim;Male;III;Web Designer IV
Zamit;Thoughtmix;$8224.44;Armenia;0.37;05.06.2015;Pearla;Female;Jr;Assistant Media Planner
Alphazap;Vimbo;$9651.69;Poland;0.1.3;02.03.2018;Hilliary;Female;III;Social Worker
Latlux;Mybuzz;$8606.24;Czech Republic;07.09.2006;10/26/2022;Emelyne;Female;III;Software Consultant
Domainer;Twimbo;$8414.85;Portugal;0.8.1;1/24/2016;Bradney;Male;Jr;Human Resources Manager
Quo Lux;Avamba;$7659.12;Russia;wrz.71;04.04.2021;Christophe;Male;Jr;Internal Auditor
Alphazap;Janyx;$6149.87;China;kwi.41;9/27/2015;Rowan;Male;IV;Senior Financial Analyst
Tin;Youspan;$6969.47;Russia;0.80;10.10.2018;Avrom;Male;II;Programmer Analyst I
Viva;Flashspan;$8038.23;Sweden;0.66;12/22/2016;Gusella;Female;Jr;Environmental Tech
Konklab;Jamia;$9536.98;Japan;0.3.4;05.05.2021;Francoise;Female;IV;Software Consultant
Zontrax;Katz;$7642.59;Russia;06.sie;11.05.2015;Hussein;Male;IV;Data Coordiator
Pannier;Brainverse;$6300.00;Ethiopia;0.67;10.08.2019;Caleb;Male;Jr;Social Worker
Andalax;Ainyx;$7521.92;Vietnam;maj.57;9/21/2015;Jeannine;Female;IV;Office Assistant III
Ventosanzap;Kwideo;$6430.27;Indonesia;02.lip;11/25/2020;Oralle;Female;Sr;Senior Financial Analyst
Latlux;Gigaclub;$9113.75;United States;kwi.63;7/29/2021;Lars;Male;IV;Speech Pathologist
Job;Wikizz;$7297.69;Philippines;09.lip;12/20/2021;Winslow;Male;Sr;Tax Accountant
Kanlam;Tagpad;$9620.33;Indonesia;06.07.2005;7/19/2018;Cameron;Male;III;Account Executive
Vagram;Meevee;$8172.58;Mongolia;01.03.2004;3/22/2016;Garrett;Male;IV;Clinical Specialist
Zaam-Dox;Oyoloo;$7339.54;China;wrz.62;8/18/2019;Laura;Female;II;Chemical Engineer
Treeflex;Yambee;$9617.07;Peru;1.0;2/17/2019;Trefor;Male;II;Nurse Practicioner
Tin;Teklist;$7780.07;Sweden;0.2.1;2/19/2018;Elvis;Male;Sr;Research Nurse
Sonsing;Skidoo;$7062.04;Myanmar;07.08.2000;12.04.2014;Obed;Male;III;Senior Financial Analyst
Overhold;Roombo;$7366.07;Poland;07.sie;12.02.2015;Jessamine;Female;Sr;Software Consultant
Aerified;Youspan;$9282.26;Guatemala;0.48;11.11.2022;Christy;Male;Sr;Recruiter
Flexidy;Geba;$6119.55;Canada;0.9.9;5/23/2021;Dianemarie;Female;IV;Database Administrator IV
Subin;Gabcube;$6931.19;Thailand;09.06.2005;04.11.2022;Dorry;Female;III;Geological Engineer
Span;Zoomdog;$9964.18;Ukraine;maj.46;6/25/2020;Baryram;Male;Sr;VP Sales
Sonsing;Voomm;$9289.49;Greece;02.03.2006;02.03.2016;Netti;Female;Sr;Sales Associate
Temp;Thoughtsphere;$9342.35;China;0.9.7;06.02.2021;Whit;Male;IV;Administrative Assistant III
Fix San;Yodoo;$9094.73;China;0.2.6;11/27/2021;Terrill;Male;Sr;Administrative Assistant IV
Flowdesk;Jabberstorm;$9955.37;China;mar.54;3/14/2019;Beth;Female;Jr;Media Manager I
Fix San;Agivu;$7856.90;Greece;8.0;12.12.2019;Valentina;Female;II;Administrative Officer
Bitwolf;Meemm;$6941.87;Indonesia;02.lut;4/28/2018;Kylynn;Female;Jr;Senior Developer
Gembucket;Dabjam;$7139.70;Japan;02.wrz;12/31/2019;Dolly;Female;Jr;Actuary
Cardify;Devify;$6299.64;Colombia;0.8.4;3/14/2018;Dannie;Female;III;Dental Hygienist
Tresom;Eimbee;$7493.18;Philippines;02.02.2008;01.11.2018;Ellery;Male;Jr;Account Coordinator
Greenlam;Leenti;$9227.05;Portugal;0.46;05.03.2019;Dottie;Female;II;Automation Specialist III
Viva;Yozio;$8438.79;China;09.kwi;09.11.2016;Ferdinanda;Female;Jr;VP Sales
Matsoft;Thoughtblab;$9172.41;Portugal;0.49;4/19/2017;Michael;Male;II;VP Sales
Zathin;Innotype;$8147.01;Japan;wrz.25;12.10.2021;Thekla;Female;Jr;Mechanical Systems Engineer
Fix San;Demimbu;$9902.72;Slovenia;sty.56;05.01.2016;Ximenez;Male;Sr;Business Systems Development Analyst
Bitchip;Meeveo;$9832.55;China;0.65;5/26/2018;Granger;Male;IV;Senior Cost Accountant
Namfix;Centimia;$6595.76;Tanzania;0.41;11/13/2018;Ramsey;Male;II;Assistant Manager
Home Ing;Kwimbee;$9975.24;China;0.1.8;02.01.2019;Godfry;Male;Jr;Staff Accountant I
Lotlux;Kanoodle;$6106.36;China;02.06.2004;7/27/2022;Drud;Male;III;Librarian
Tampflex;Feedfish;$6538.42;Malaysia;0.7.9;5/31/2019;Tasia;Female;IV;Graphic Designer
Redhold;Midel;$7719.38;Sweden;0.52;8/21/2015;Alisa;Female;II;Programmer II
Mat Lam Tam;Yamia;$6739.69;Indonesia;0.90;03.12.2016;Ernie;Male;Sr;Clinical Specialist
Flexidy;Lazz;$9522.46;Indonesia;sie.56;1/27/2015;Beck;Male;III;Research Nurse
Home Ing;Voonyx;$6224.96;Indonesia;05.04.2006;12/26/2018;Joachim;Male;III;Executive Secretary
Asoka;Avamm;$6644.71;China;sie.35;11/27/2021;Kenn;Male;IV;Engineer III
Viva;Skynoodle;$6796.06;Norway;0.7.2;10/17/2020;Troy;Male;III;Editor
Latlux;Jabbersphere;$6471.60;Afghanistan;lip.44;01.04.2019;Baxter;Male;Sr;Help Desk Operator
Namfix;Twimbo;$7039.24;Peru;lut.82;2/24/2022;Marybeth;Female;Sr;Senior Developer
It;Snaptags;$7191.80;France;03.lut;4/29/2020;Remy;Female;III;General Manager
Redhold;Realblab;$6199.41;Colombia;0.1.5;9/18/2017;Bradly;Male;II;Operator
Zontrax;Fadeo;$9574.10;Russia;04.sty;2/21/2019;Deane;Female;IV;Marketing Assistant
Zamit;Dabjam;$9955.29;China;04.08.2002;06.05.2018;Parrnell;Male;Jr;Media Manager III
Pannier;Skidoo;$8601.57;Comoros;0.5.9;2/27/2018;Gibby;Male;IV;Analog Circuit Design manager
Temp;Divape;$6433.59;Mexico;0.59;08.12.2020;Shannon;Male;II;General Manager
Stringtough;Chatterbridge;$9504.26;Greece;sie.35;10/13/2016;Danielle;Female;Jr;Payment Adjustment Coordinator
Regrant;Flashset;$7997.57;China;09.wrz;8/22/2020;Babbie;Female;Jr;Environmental Specialist
Aerified;Jayo;$9359.70;China;5.0.0;05.09.2019;Netti;Female;III;Senior Quality Engineer
Biodex;Shuffledrive;$7796.87;China;03.sie;02.09.2016;Simonette;Female;Jr;Nuclear Power Engineer
Y-Solowarm;Bubblemix;$7596.57;China;02.04.2002;05.08.2021;Gottfried;Male;III;Project Manager
Transcof;Flashdog;$6135.11;Spain;0.62;11/26/2018;Richmound;Male;II;Staff Accountant I
Zontrax;Zoonder;$9250.24;Macedonia;0.1.4;09.04.2019;Sayer;Male;Sr;Operator
Prodder;Browsebug;$7540.82;United States;0.58;12/29/2018;Emeline;Female;II;Administrative Officer
Rank;Thoughtstorm;$7228.90;China;04.06.2008;12/28/2014;Andria;Female;Jr;Automation Specialist IV
Matsoft;Shuffletag;$6024.92;Brazil;07.06.2001;02.02.2022;Zilvia;Female;IV;Structural Engineer
Fintone;Skimia;$8241.37;Luxembourg;0.72;03.12.2020;Garik;Male;Sr;Tax Accountant
Bitchip;Rooxo;$7450.67;Albania;0.18;10/25/2016;Dunn;Male;Sr;Occupational Therapist
Stringtough;Meembee;$9978.86;Indonesia;09.kwi;04.08.2020;Nye;Male;III;Senior Developer
Subin;Wikibox;$6432.60;Serbia;0.54;3/21/2020;Orsa;Female;IV;Biostatistician IV
Ventosanzap;Roombo;$9651.21;United States;0.65;01.07.2022;Blinny;Female;Jr;Staff Scientist
Alpha;Meevee;$6674.66;Uganda;08.09.2008;05.10.2018;Agna;Female;II;Environmental Tech
Flexidy;Yakitri;$6863.90;Mexico;0.9.2;05.01.2021;Nicola;Male;II;Automation Specialist I
Transcof;Myworks;$6333.01;Japan;05.08.2008;2/19/2021;Pepe;Male;II;Associate Professor
Voyatouch;Meevee;$7735.06;Afghanistan;03.sty;8/23/2022;Devora;Female;Sr;Structural Analysis Engineer
Vagram;Fatz;$6038.50;Libya;0.5.8;05.01.2018;Clovis;Female;Jr;Junior Executive
Y-Solowarm;Devify;$7360.56;Philippines;0.90;06.01.2016;Stevy;Male;Jr;Staff Accountant IV
It;Mynte;$6309.36;Indonesia;0.3.5;7/21/2015;Somerset;Male;IV;VP Quality Control
Konklab;Jaloo;$8419.56;Indonesia;0.59;2/18/2017;Celestyn;Female;III;VP Sales
Flowdesk;Brainsphere;$8793.60;Panama;0.14;11.07.2015;Sheppard;Male;IV;Product Engineer
Zamit;Skinte;$6027.94;Russia;maj.32;07.05.2019;Gretchen;Female;II;Community Outreach Specialist
Kanlam;Skinix;$8270.03;Philippines;01.05.2004;11.08.2016;Arch;Male;Sr;Mechanical Systems Engineer
Alpha;Twitterbridge;$9598.57;Poland;08.paŸ;05.10.2019;Oberon;Male;II;Assistant Manager
Toughjoyfax;Thoughtbeat;$8652.30;Japan;0.56;1/21/2018;Jaime;Female;Jr;Technical Writer
Viva;Mybuzz;$8691.46;Colombia;09.kwi;11/27/2014;Willdon;Male;II;VP Quality Control
Zaam-Dox;Realcube;$7140.97;Indonesia;sty.84;10.05.2020;Diana;Female;II;Social Worker
Keylex;Voolith;$7687.05;China;kwi.26;1/19/2016;Paloma;Female;Jr;Teacher
Viva;Midel;$7467.75;Russia;06.08.2001;1/16/2017;Lexine;Female;Jr;Budget/Accounting Analyst III
Y-Solowarm;Youtags;$6010.86;China;0.39;12/17/2021;Madison;Male;III;Analyst Programmer
Aerified;Leenti;$6247.75;Indonesia;0.11;11.06.2020;Hortense;Female;II;Tax Accountant
Hatity;Wordify;$7805.96;Portugal;0.1.3;03.06.2019;Coleman;Male;Sr;Database Administrator II
Flowdesk;Photolist;$6630.28;Somalia;08.06.2000;08.06.2019;Allister;Male;IV;Analyst Programmer
Flexidy;Rhynoodle;$8061.19;China;01.07.2006;01.12.2021;Sigvard;Male;II;Structural Engineer
Redhold;Realmix;$7383.92;Panama;0.9.8;6/20/2021;Cordy;Male;II;Software Engineer IV
Lotlux;Yakidoo;$6076.91;France;wrz.65;3/17/2015;Cary;Female;III;Occupational Therapist
Cardify;Podcat;$9683.37;Russia;0.14;8/14/2020;Ewart;Male;III;Senior Sales Associate
Wrapsafe;Quinu;$7023.08;Indonesia;0.2.3;5/13/2022;Worth;Male;II;Geological Engineer
Alpha;Feedmix;$8867.38;Sudan;07.maj;02.08.2022;Leonanie;Female;III;Help Desk Technician
Bigtax;Babbleopia;$9213.77;Sweden;0.7.5;11/25/2021;Jayne;Female;IV;Staff Accountant III
Veribet;Lazzy;$9035.10;Brunei;08.kwi;10.10.2018;Konstance;Female;III;Senior Financial Analyst
Pannier;Meevee;$6530.01;France;06.08.2002;9/15/2017;Welby;Male;Jr;Budget/Accounting Analyst IV
Zathin;DabZ;$9078.88;China;7.0.7;06.04.2020;Krispin;Male;IV;Dental Hygienist
Home Ing;Lazzy;$8753.32;Japan;06.kwi;12/13/2014;Olia;Female;Jr;Pharmacist
Fintone;Jabbersphere;$9560.81;Thailand;02.01.2006;5/16/2015;Celinda;Female;II;Executive Secretary
Fintone;Zoomzone;$7404.83;Mongolia;7.0;10.10.2017;Karalynn;Female;Jr;Account Executive
Tin;Viva;$7911.90;Sweden;0.4.8;07.05.2019;Jarrid;Male;IV;Software Consultant
Domainer;Katz;$6794.52;China;0.1.6;05.01.2017;Carleen;Female;IV;Automation Specialist II
Sub-Ex;Buzzster;$8150.77;Chile;04.01.2006;5/28/2022;Judi;Female;II;Safety Technician III
Greenlam;Leenti;$6879.91;Serbia;lut.59;08.10.2019;Maria;Female;IV;Internal Auditor
Bitwolf;Ainyx;$8471.84;China;03.07.2009;2/21/2016;Emmery;Male;II;Executive Secretary
Prodder;Leenti;$6435.46;Portugal;07.03.2002;07.03.2016;Jennica;Female;IV;Administrative Officer
Home Ing;Einti;$7871.55;China;wrz.53;5/13/2022;Clemence;Female;Sr;Web Developer IV
Regrant;Devbug;$8634.09;China;0.5.9;3/16/2021;Arron;Male;Sr;Office Assistant III
Alphazap;Bluezoom;$9838.61;United States;0.2.3;2/25/2019;Ximenes;Male;IV;Technical Writer
Zontrax;Skyndu;$6387.84;Saudi Arabia;kwi.41;5/24/2021;Deborah;Female;III;Project Manager
Subin;Skinte;$7742.08;Poland;0.22;12.09.2020;Kerry;Male;Sr;Budget/Accounting Analyst II
Ronstring;Thoughtblab;$6315.75;China;0.7.3;12/14/2018;Paco;Male;II;Clinical Specialist
Fix San;Jazzy;$8288.24;Philippines;cze.41;8/26/2016;Erny;Male;III;Senior Sales Associate
Cookley;Divanoodle;$8391.92;Ukraine;8.00;06.10.2019;Cullie;Male;II;Marketing Manager
Flowdesk;Browsezoom;$6302.68;Indonesia;02.maj;02.12.2015;Alicea;Female;II;Human Resources Manager
Prodder;Bubblemix;$6630.14;Palau;01.lip;5/25/2015;Jasmina;Female;III;Physical Therapy Assistant
Bytecard;Rhybox;$6225.12;Philippines;0.8.7;9/29/2017;Keenan;Male;Sr;Safety Technician I
Namfix;Shufflester;$9692.33;United States;lut.66;1/22/2021;Richie;Male;Jr;Structural Analysis Engineer
Mat Lam Tam;Edgepulse;$9831.76;France;0.66;2/20/2022;Mose;Male;IV;Analog Circuit Design manager
Overhold;Rhynoodle;$6879.47;Sweden;01.02.2009;1/23/2020;Lazare;Male;Jr;Civil Engineer
Tampflex;Eadel;$7074.90;Portugal;02.maj;01.07.2022;Cicely;Female;III;Environmental Tech
Ventosanzap;Twiyo;$8683.82;Brazil;0.5.6;3/19/2022;Gusti;Female;II;VP Quality Control
Bitwolf;Bubbletube;$7126.21;Spain;08.cze;05.03.2021;Turner;Male;III;Business Systems Development Analyst
Subin;Plajo;$9874.77;China;0.54;11.11.2018;Brose;Male;III;VP Accounting
Opela;Brightdog;$6465.51;Nigeria;0.29;10.02.2020;Shellie;Female;Jr;Senior Sales Associate
Rank;Bubblemix;$6988.76;China;09.05.2002;11/28/2017;Tedd;Male;Jr;VP Accounting
Viva;Abata;$8511.39;China;0.75;6/27/2017;Karim;Male;Sr;Legal Assistant
Namfix;Rhyzio;$9838.59;Russia;0.4.1;02.12.2018;See;Male;Jr;Recruiting Manager
Quo Lux;Dazzlesphere;$9661.87;China;05.maj;09.10.2016;Goldie;Female;Sr;Media Manager III
Y-Solowarm;Yotz;$7840.72;Moldova;kwi.89;3/15/2019;Hermie;Male;II;Executive Secretary
Toughjoyfax;Tekfly;$8390.85;Canada;08.05.2005;4/24/2022;Jasmina;Female;Sr;Payment Adjustment Coordinator
Fixflex;Lazzy;$6815.19;Russia;lut.76;3/23/2016;Yvor;Male;II;Web Developer I
Rank;Chatterpoint;$6200.15;Indonesia;0.2.1;11.03.2021;De witt;Male;II;Developer III
Tin;Riffwire;$6653.07;Indonesia;01.cze;6/20/2021;Jefferey;Male;Sr;Mechanical Systems Engineer
Home Ing;Brainverse;$6544.20;Philippines;sty.64;11/14/2020;Nadya;Female;III;Social Worker
Lotstring;Tagfeed;$6392.92;Brazil;01.05.2006;11/29/2017;Terri;Male;II;Software Consultant
Konklab;Meetz;$7926.54;Indonesia;0.68;1/27/2017;Keen;Male;III;Software Consultant
Latlux;Browsedrive;$7918.49;Portugal;07.lip;3/28/2017;Jocelyn;Female;Jr;Media Manager III
Gembucket;Ailane;$7882.60;Ukraine;maj.76;11/27/2019;Tiphani;Female;III;Quality Control Specialist
Wrapsafe;Twitterlist;$6723.62;Philippines;05.lip;7/18/2015;Nicko;Male;II;Budget/Accounting Analyst III
Flowdesk;Voomm;$8013.30;China;0.7.6;9/13/2021;Domeniga;Female;Sr;Environmental Tech
Tempsoft;Latz;$6477.58;Indonesia;02.lut;8/18/2017;Fielding;Male;III;Physical Therapy Assistant
Gembucket;Feednation;$9646.51;Russia;09.lut;3/16/2019;Ameline;Female;Sr;Payment Adjustment Coordinator
Lotstring;Quinu;$8462.04;Argentina;wrz.46;01.02.2022;Jobye;Female;IV;Account Executive
Kanlam;Chatterbridge;$8442.23;Venezuela;0.14;04.04.2016;Rea;Female;II;Tax Accountant
Stringtough;Eabox;$6452.25;China;04.08.2000;07.02.2015;Ave;Male;III;Marketing Assistant
Y-find;Topiclounge;$7842.73;France;0.5.4;7/18/2020;Wally;Male;III;Administrative Officer
Otcom;Gigazoom;$7593.39;Ukraine;sty.50;03.03.2018;Gilemette;Female;III;Legal Assistant
Overhold;Voolia;$8240.30;Peru;02.cze;1/29/2016;Karlens;Male;Sr;Teacher
Y-Solowarm;Flipopia;$8924.89;Russia;0.5.3;9/19/2019;Abran;Male;IV;VP Quality Control
Lotlux;Avamba;$6330.54;China;0.30;12.02.2020;Ferrel;Male;Sr;Professor
Overhold;Katz;$8568.56;France;maj.55;05.08.2021;Batsheva;Female;Sr;Business Systems Development Analyst
Sub-Ex;Youspan;$9080.22;Israel;0.25;4/25/2019;Harlene;Female;III;Project Manager
Tin;Demivee;$7152.37;China;0.78;9/29/2021;Nial;Male;Sr;Senior Cost Accountant
Sub-Ex;Skiptube;$8493.98;China;03.sty;05.08.2020;Merridie;Female;IV;Registered Nurse
Temp;Shuffledrive;$9083.24;Madagascar;0.4.0;5/15/2016;Mead;Male;III;Librarian
Veribet;Devpulse;$7203.21;Morocco;0.75;06.05.2019;Aron;Male;Sr;Junior Executive
Y-Solowarm;Eimbee;$8747.80;Iran;0.36;08.12.2018;Kylynn;Female;III;Recruiter
Fintone;Eadel;$9010.42;China;08.cze;2/22/2020;Selene;Female;Sr;Senior Financial Analyst
Andalax;Eadel;$8840.21;Russia;04.lut;7/18/2020;Eryn;Female;Jr;Associate Professor
Lotlux;Aibox;$6574.71;Indonesia;0.70;11/28/2015;Jenna;Female;II;Statistician III
Bitchip;Feedspan;$8689.36;South Africa;0.52;05.05.2018;Guillema;Female;II;Tax Accountant
Treeflex;Photojam;$8230.46;Philippines;0.89;7/14/2017;Edy;Female;III;Civil Engineer
Otcom;Tagpad;$6078.60;Indonesia;0.7.2;12/27/2017;Sarina;Female;III;Office Assistant I
Tres-Zap;Twinder;$9020.82;Palestinian Territory;0.6.8;2/19/2015;Hunfredo;Male;III;Legal Assistant
Vagram;Divavu;$7470.12;Greece;0.6.6;12/13/2015;Patricia;Female;IV;Payment Adjustment Coordinator
Alpha;Quaxo;$6649.48;Finland;0.42;1/31/2022;Orran;Male;Jr;Professor
Toughjoyfax;Twitternation;$7070.20;Nigeria;lut.25;6/19/2016;Glynnis;Female;II;Marketing Manager
Temp;Browseblab;$7033.42;China;lip.63;7/18/2017;Lauralee;Female;Sr;Nurse Practicioner
Toughjoyfax;Blogpad;$8621.99;Indonesia;3.0;11/29/2021;Amil;Female;Jr;Civil Engineer
Tres-Zap;Einti;$6842.32;Bosnia and Herzegovina;0.44;8/20/2017;Ermin;Male;II;Senior Financial Analyst
Kanlam;Edgeclub;$9710.30;China;lip.73;11.02.2018;Annabal;Female;III;Computer Systems Analyst III
Subin;Thoughtmix;$8940.83;Poland;8.0.7;3/15/2015;Alikee;Female;IV;Dental Hygienist
Bitwolf;Realbridge;$8438.26;China;0.69;10/29/2016;Garrard;Male;II;Information Systems Manager
Veribet;Wikido;$8792.20;Argentina;5.0.7;8/14/2017;Tamiko;Female;III;Recruiter
Kanlam;Voomm;$9149.14;Poland;cze.38;03.11.2015;Tymon;Male;Jr;Actuary
Kanlam;Skinder;$7196.80;China;sie.84;1/18/2017;Zahara;Female;II;Registered Nurse
Bigtax;Rooxo;$6061.29;Ukraine;01.wrz;12.02.2017;Edouard;Male;Sr;Editor
Ventosanzap;Thoughtsphere;$8536.94;Sudan;0.4.1;8/19/2018;Elisabet;Female;Jr;Systems Administrator IV
Bitchip;Skinder;$7054.63;Indonesia;0.89;09.04.2019;Ewen;Male;IV;VP Marketing
Job;Jaxworks;$7303.39;China;06.06.2003;12.05.2017;Christopher;Male;III;Accounting Assistant I
Redhold;Skynoodle;$8129.34;Indonesia;0.3.3;1/25/2019;Towney;Male;IV;Recruiter
Ventosanzap;Ooba;$8077.38;France;02.lut;10/19/2017;Nollie;Female;Jr;VP Product Management
Tres-Zap;Blogpad;$6291.61;China;02.05.2008;8/22/2016;Thomasa;Female;Sr;Speech Pathologist
Cardguard;Eayo;$9157.96;Morocco;0.1.2;4/29/2018;Bailie;Male;III;Chemical Engineer
Rank;Gigabox;$9431.53;Indonesia;0.98;06.04.2020;Kare;Female;IV;Teacher
Keylex;Brainlounge;$8045.34;Democratic Republic of the Congo;04.08.2002;11.11.2022;La verne;Female;III;Nurse
Rank;Ntag;$8932.12;China;03.lut;2/17/2021;Issiah;Male;IV;Operator
Wrapsafe;Demizz;$9451.56;Macedonia;09.03.2008;05.07.2020;Wilona;Female;II;Administrative Assistant III
Sonsing;Eayo;$7400.18;Philippines;09.06.2000;4/19/2022;Bernadette;Female;Sr;VP Sales
Alpha;Thoughtworks;$9255.40;South Africa;0.3.6;07.09.2016;Trescha;Female;Sr;Electrical Engineer
Temp;Babblestorm;$6287.16;Russia;06.cze;12.06.2015;Jaime;Female;III;Help Desk Operator
Subin;Pixonyx;$8754.83;Kyrgyzstan;sie.94;07.11.2021;Lotty;Female;II;Product Engineer
Otcom;Skyble;$8140.87;Russia;cze.85;08.07.2016;Sam;Male;II;Professor
Biodex;Voonte;$9642.91;Indonesia;cze.92;11/27/2018;Marcos;Male;IV;Project Manager
Alpha;Jaxworks;$9362.28;Indonesia;maj.84;09.07.2018;Kalil;Male;IV;Human Resources Manager
Span;Yakidoo;$7341.82;Israel;0.3.3;12/31/2014;Asher;Male;III;Paralegal
Bigtax;Rooxo;$6140.12;Russia;2.0.0;10.06.2020;Jerad;Male;III;Project Manager
Bytecard;Midel;$9090.83;Indonesia;03.maj;1/24/2017;Cody;Female;III;Programmer Analyst II
Home Ing;Plajo;$6488.85;Bolivia;07.kwi;7/18/2018;Dawna;Female;IV;Director of Sales
Bitchip;Oyope;$9744.63;Poland;0.6.3;11.09.2017;Sheppard;Male;II;Chief Design Engineer
Lotstring;Fiveclub;$8357.51;China;0.77;12.09.2017;Harland;Male;IV;Senior Quality Engineer
Sub-Ex;Trunyx;$6701.26;Indonesia;02.03.2000;1/26/2022;Ricoriki;Male;Jr;Dental Hygienist
Zathin;Jamia;$7536.42;Indonesia;04.lip;12/31/2019;Dukey;Male;II;Pharmacist
Stim;Oyonder;$9192.32;Japan;0.5.2;10/15/2021;Kaitlyn;Female;Sr;Graphic Designer
Daltfresh;Feedmix;$6776.39;Belarus;08.01.2000;11.05.2016;Serene;Female;IV;Social Worker
Tres-Zap;Zoomcast;$7351.10;Lithuania;01.lut;5/27/2021;Darcee;Female;III;Media Manager III
Y-find;Thoughtbeat;$8646.56;China;08.01.2006;12.03.2016;Justinian;Male;Sr;Information Systems Manager
Voyatouch;Brainsphere;$6903.79;Sweden;05.06.2006;6/20/2020;Malcolm;Male;III;Information Systems Manager
Vagram;Mita;$9534.31;China;07.lut;01.03.2020;Giovanni;Male;IV;Sales Representative
Konklab;Aivee;$8442.32;Philippines;06.lip;02.08.2015;Helyn;Female;Jr;Food Chemist
Hatity;Kwideo;$9310.58;Russia;0.53;10/21/2022;Violante;Female;IV;Web Developer II
Holdlamis;Izio;$6560.64;Portugal;06.09.2003;4/13/2018;Rene;Female;Sr;Software Consultant
Solarbreeze;BlogXS;$7273.64;Ireland;0.5.9;1/26/2018;Tedra;Female;Jr;Cost Accountant
Opela;Ozu;$9018.50;Honduras;0.88;9/26/2022;Chariot;Male;II;Accounting Assistant III
Opela;Kanoodle;$7208.24;United States;0.61;3/15/2019;Reeta;Female;Sr;Senior Editor
Bytecard;Livepath;$7679.44;Russia;0.98;02.03.2020;Chanda;Female;III;Structural Engineer
Regrant;Livetube;$9649.75;Brazil;0.99;02.10.2021;Rawley;Male;III;Chemical Engineer
Ventosanzap;Thoughtmix;$9873.72;China;0.2.4;07.04.2017;Stewart;Male;II;Office Assistant IV
Asoka;Realfire;$8205.27;Ukraine;03.07.2002;4/16/2022;Cherey;Female;II;Account Representative I
Tampflex;Tagchat;$9829.57;Russia;0.7.5;12/27/2018;Kristy;Female;Jr;Safety Technician IV
Zaam-Dox;Photolist;$8713.57;Japan;04.cze;3/15/2021;Addie;Male;II;Systems Administrator I
Alphazap;Oyonder;$6243.45;China;0.4.0;8/14/2015;Aldous;Male;II;Assistant Manager
Home Ing;Brightdog;$8693.62;Philippines;08.09.2006;8/30/2016;Jory;Male;Jr;Financial Advisor
Job;Babbleblab;$9699.77;Morocco;0.65;05.07.2020;Griffie;Male;IV;Web Developer II
Konklab;Realblab;$9083.97;Ukraine;0.9.8;2/23/2019;Cyrille;Male;III;Operator
Lotstring;Yata;$6784.16;Japan;0.9.9;02.12.2015;Phelia;Female;Jr;Senior Sales Associate
Domainer;Trupe;$6511.42;South Africa;sie.34;6/16/2016;Nolan;Male;III;Software Engineer I
Prodder;Shufflester;$8065.26;Russia;0.40;4/26/2021;Israel;Male;Sr;Data Coordiator
Konklab;Twimbo;$9192.40;Colombia;08.04.2001;4/22/2016;Gianna;Female;IV;Account Representative III
Fixflex;Kwimbee;$9176.53;China;0.6.2;02.02.2015;Hulda;Female;Sr;Developer III
Transcof;Wordify;$8204.10;Ukraine;03.08.2003;05.11.2016;Baxter;Male;III;Programmer II
Sub-Ex;Thoughtblab;$9752.68;Brazil;08.wrz;5/24/2019;Granthem;Male;II;Senior Quality Engineer
Pannier;Mita;$8434.92;Sweden;0.10;1/20/2019;Fleur;Female;IV;Librarian
Transcof;Jabbersphere;$7060.60;France;0.2.4;06.09.2020;Harbert;Male;IV;Marketing Assistant
Span;Gabspot;$7131.52;China;wrz.66;9/21/2015;Catlin;Female;IV;Chief Design Engineer
Otcom;Rhynoodle;$8457.43;Tajikistan;08.sty;3/13/2021;Justinian;Male;II;Automation Specialist I
Hatity;Plajo;$6977.70;Honduras;0.5.8;10.07.2019;Melvin;Male;IV;Software Consultant
Regrant;JumpXS;$7902.81;Cuba;07.07.2007;04.06.2015;Ashlee;Female;II;Speech Pathologist
Prodder;Edgeblab;$9367.51;Philippines;0.1.3;5/27/2018;Hillie;Male;III;Occupational Therapist
Zamit;Realpoint;$9238.78;China;01.kwi;05.02.2015;Pauli;Female;II;Business Systems Development Analyst
Y-Solowarm;Meevee;$9262.80;France;wrz.33;10.11.2018;Dara;Female;IV;Media Manager IV
Bitchip;Dynava;$9153.11;Cameroon;0.98;10.03.2020;Eachelle;Female;II;Community Outreach Specialist
Tin;Mudo;$9180.38;China;09.09.2009;1/24/2021;Grantham;Male;II;Budget/Accounting Analyst I
Mat Lam Tam;Photobug;$7813.49;Colombia;maj.51;1/21/2021;Evelyn;Male;IV;Information Systems Manager
Zamit;Rhycero;$8516.51;Indonesia;08.09.2002;7/15/2021;Astrix;Female;III;Assistant Media Planner
Greenlam;Photobug;$7727.78;Indonesia;02.09.2008;5/21/2020;Lethia;Female;III;Administrative Assistant III
Quo Lux;Twitterwire;$7950.48;Indonesia;02.lut;05.03.2022;Jojo;Female;Sr;Data Coordiator
Zamit;Tambee;$9077.43;Jamaica;0.5.3;2/13/2018;Morton;Male;III;Social Worker
Solarbreeze;Divape;$8994.90;Poland;0.33;12.01.2014;Cynde;Female;IV;Internal Auditor
Redhold;Riffwire;$6978.16;Ecuador;2.0;1/13/2015;Aurora;Female;Jr;Quality Control Specialist
Holdlamis;Tagopia;$8521.13;China;03.sie;10/25/2017;Edeline;Female;Sr;Structural Engineer
Zontrax;Snaptags;$6557.18;Tunisia;03.cze;2/26/2019;Hartley;Male;IV;Help Desk Technician
Trippledex;Browsedrive;$6905.03;Belarus;02.08.2006;5/16/2016;Nolana;Female;Jr;Business Systems Development Analyst
Treeflex;Lazzy;$8536.71;Indonesia;0.4.3;12.06.2016;Miranda;Female;IV;Senior Editor
Bytecard;Tagfeed;$6192.10;Netherlands;03.02.2000;8/14/2019;Perla;Female;Sr;Associate Professor
Y-Solowarm;Demimbu;$8568.37;South Africa;0.6.7;9/17/2020;Tabby;Female;III;Recruiter
Stim;Photobean;$9524.10;Czech Republic;06.mar;7/26/2019;Caralie;Female;III;Help Desk Technician
Aerified;Topicblab;$6453.71;Nigeria;06.07.2002;6/26/2015;Abbie;Female;III;Dental Hygienist
Voyatouch;Yodel;$7722.94;Portugal;01.07.2003;1/21/2020;Caryl;Male;III;VP Quality Control
Voyatouch;Voolia;$6018.88;Indonesia;0.39;9/15/2020;Shane;Male;Sr;Speech Pathologist
Stim;Wikivu;$7651.22;Ivory Coast;wrz.78;2/20/2016;Andreas;Male;Sr;Nurse
Toughjoyfax;Roomm;$7312.28;Indonesia;0.8.0;9/14/2016;Bartolemo;Male;IV;Cost Accountant
Redhold;Divanoodle;$9631.43;Canada;maj.17;02.04.2020;Vivian;Female;IV;Safety Technician II
Bitchip;Skippad;$7342.05;Poland;6.0;01.08.2022;Reinaldos;Male;Sr;Technical Writer
Tin;Jabberstorm;$7868.32;Gabon;02.07.2008;2/16/2022;Reube;Male;II;Budget/Accounting Analyst III
Cookley;Meetz;$7936.13;Austria;04.lip;11/24/2019;Madeleine;Female;IV;Analog Circuit Design manager
Viva;Pixoboo;$7724.01;Philippines;0.1.1;6/13/2022;Michelle;Female;Sr;Professor
Duobam;Buzzbean;$8689.19;Sweden;0.11;02.09.2019;Mirna;Female;III;Computer Systems Analyst II
Zontrax;Centidel;$6416.96;Norway;0.99;10.06.2018;Virginie;Female;IV;Electrical Engineer
Bitwolf;Skynoodle;$9036.11;Poland;08.04.2002;09.04.2020;Dulcine;Female;II;Compensation Analyst
Sub-Ex;Tekfly;$9297.08;Mexico;0.80;7/14/2017;Edin;Female;III;Marketing Manager
Treeflex;Einti;$6912.42;Sweden;09.cze;1/21/2020;Wake;Male;Sr;Budget/Accounting Analyst III
Namfix;Twitterbridge;$8983.31;Cyprus;0.97;7/15/2021;Alexandra;Female;Sr;Research Nurse
Konklux;Vipe;$8618.33;China;06.lut;3/18/2022;Hilda;Female;III;Operator
Hatity;Edgeclub;$7526.35;Indonesia;mar.46;4/18/2020;Sheffie;Male;Sr;Professor
Ventosanzap;Tagpad;$6741.02;Indonesia;lip.16;04.01.2021;Haskel;Male;II;Environmental Tech
Sonsing;Kwinu;$6736.82;China;sie.57;8/19/2022;Arvin;Male;IV;Social Worker
Mat Lam Tam;Eimbee;$8889.50;Tajikistan;0.5.3;01.01.2019;Dur;Male;IV;Engineer I
Flowdesk;Yabox;$7205.68;China;03.wrz;11/27/2017;Dorothy;Female;II;Design Engineer
Cardguard;Fadeo;$8850.31;Philippines;08.01.2008;03.12.2018;Nevin;Male;Jr;Programmer I
Tin;Quimba;$9177.28;Philippines;0.13;2/14/2016;Donnajean;Female;Jr;Quality Engineer
Span;Tekfly;$9492.24;Brazil;sty.92;2/13/2019;Nehemiah;Male;II;Actuary
Latlux;Vimbo;$6220.72;China;0.87;08.12.2021;Killian;Male;III;Environmental Tech
Ronstring;Voonte;$8250.59;Czech Republic;0.1.4;2/14/2015;Carey;Male;II;Librarian
Latlux;Bluejam;$7349.82;Croatia;cze.73;4/18/2021;Jackie;Male;IV;Senior Developer
Solarbreeze;Oodoo;$7599.69;China;mar.62;08.03.2016;Bendick;Male;Jr;VP Quality Control
Mat Lam Tam;Gigaclub;$6332.64;Finland;07.wrz;3/17/2020;Erinn;Female;IV;Biostatistician IV
Andalax;Dabvine;$7498.63;Indonesia;sie.30;8/15/2017;Cass;Female;Sr;Systems Administrator III
Stim;Oyonder;$7607.91;Colombia;0.99;3/25/2019;Lacee;Female;III;Social Worker
Y-find;Dabjam;$6004.42;Burkina Faso;0.18;02.01.2019;Carlynne;Female;Sr;Senior Developer
Asoka;Yodoo;$8893.61;Colombia;01.kwi;3/28/2016;Durand;Male;III;Business Systems Development Analyst
Flexidy;Skinte;$6467.60;Poland;9.00;08.04.2015;Jolee;Female;IV;Research Nurse
Y-Solowarm;Meezzy;$7373.57;Poland;08.09.2002;8/31/2018;Anselma;Female;Jr;Chief Design Engineer
Alphazap;Yoveo;$7880.29;Philippines;06.07.2009;12/20/2018;Birk;Male;Jr;Systems Administrator III
Pannier;Oodoo;$8374.19;Russia;07.07.2003;12.09.2017;Haze;Male;IV;Programmer II
Zoolab;Babbleblab;$6898.28;Japan;cze.28;12/28/2015;Lizabeth;Female;Jr;Legal Assistant
Bitwolf;Topicware;$9380.94;Thailand;0.76;05.04.2015;Ilario;Male;II;Registered Nurse
Vagram;Trupe;$9742.01;Philippines;0.70;04.07.2016;Kent;Male;III;Human Resources Assistant I
Zoolab;Gabtype;$7566.31;Philippines;02.01.2003;6/26/2016;Mic;Male;IV;Staff Accountant III
Sub-Ex;Leenti;$9964.53;Brazil;01.mar;1/22/2017;Mable;Female;Sr;Marketing Manager
Aerified;Meeveo;$9967.29;China;cze.87;02.05.2021;Guenevere;Female;III;Quality Control Specialist
Konklux;Youfeed;$9894.18;China;sty.95;3/13/2016;Terza;Female;Jr;Quality Engineer
Domainer;Ntags;$7179.38;China;0.19;11.04.2015;Brian;Male;IV;Project Manager
Tempsoft;Midel;$8247.11;Argentina;07.07.2004;01.09.2018;Newton;Male;IV;Administrative Assistant II
Stronghold;Miboo;$8299.73;Russia;0.86;11.07.2016;Catlee;Female;Sr;Social Worker
Quo Lux;Kazio;$7248.63;Peru;0.2.4;06.10.2015;Sharyl;Female;II;Cost Accountant
Y-Solowarm;Riffpedia;$8930.07;Sweden;02.09.2000;1/28/2018;Elonore;Female;II;Technical Writer
Prodder;Kazio;$8489.24;Honduras;05.05.2006;7/14/2020;Liuka;Female;III;Staff Accountant III
Namfix;Photofeed;$8056.10;China;05.sty;11.07.2017;Ailyn;Female;III;Human Resources Assistant I
Overhold;Kanoodle;$8289.47;Georgia;0.1.6;09.07.2021;Georgeanne;Female;III;Engineer II
Latlux;Dablist;$7175.52;China;7.0.5;02.09.2021;Fawnia;Female;III;Engineer III
Tin;Riffpath;$7679.18;China;09.sie;1/17/2020;Kerrin;Female;IV;Computer Systems Analyst III
It;Twitterbridge;$9586.04;Poland;0.84;09.07.2017;Ignacius;Male;Sr;Chief Design Engineer
Tres-Zap;Kare;$7131.21;Czech Republic;0.14;12.07.2016;Maitilde;Female;Sr;Marketing Assistant
Zoolab;Katz;$9157.64;France;03.paŸ;04.10.2019;Emilie;Female;II;Sales Representative
Sonair;Leexo;$6853.47;Mexico;0.3.9;12/29/2018;Jennee;Female;Sr;Desktop Support Technician
Subin;Kwimbee;$6726.30;Croatia;maj.31;9/21/2021;Trudi;Female;III;Paralegal
Tampflex;Gigazoom;$7817.76;Portugal;0.73;01.07.2021;Enos;Male;Sr;Business Systems Development Analyst
Sub-Ex;Skibox;$7711.52;Thailand;0.39;7/24/2022;Neill;Male;II;Developer I
Bitchip;Aimbu;$7543.65;Indonesia;02.05.2004;10/25/2016;Karlotta;Female;IV;Media Manager I
Asoka;Flipopia;$6617.55;Russia;sty.59;2/23/2022;Francine;Female;Jr;Assistant Professor
Tin;Topicblab;$7230.48;Peru;maj.13;4/17/2022;Clari;Female;III;Computer Systems Analyst II
Hatity;Cogidoo;$7891.50;China;0.36;3/24/2015;Siffre;Male;III;Project Manager
Cookley;Oloo;$9005.70;Uganda;0.37;2/22/2021;Phil;Female;Sr;Marketing Assistant
Alphazap;Rhyzio;$6102.37;Myanmar;02.wrz;04.04.2018;Noll;Male;Sr;Clinical Specialist
Ronstring;Tazzy;$9880.46;Japan;0.66;08.08.2018;Temp;Male;IV;Web Developer III
Voltsillam;Twinte;$6021.78;Portugal;03.mar;4/16/2015;Saxe;Male;II;Senior Quality Engineer
Ventosanzap;Zoombeat;$6648.16;Ukraine;0.3.0;9/24/2021;Jasmine;Female;IV;Programmer Analyst IV
Cookley;Jabbersphere;$6312.66;France;mar.58;11.12.2015;Bibby;Female;Jr;Community Outreach Specialist
Redhold;Katz;$6213.68;China;7.0;10/31/2019;Gardie;Male;III;Health Coach II
Subin;Thoughtstorm;$6067.44;Indonesia;09.09.2007;07.04.2022;Eva;Female;III;Health Coach I
Holdlamis;Skimia;$9410.93;Indonesia;0.7.1;05.08.2019;Yoko;Female;II;Nurse
Lotstring;Jaloo;$9767.16;Greece;0.2.3;10/26/2019;Stephan;Male;Jr;Sales Representative
Hatity;Twitterbridge;$8877.17;Indonesia;01.lip;12.07.2014;Chrissy;Female;II;Senior Editor
Matsoft;Flashset;$6755.05;Slovenia;0.4.7;6/29/2016;Udell;Male;Sr;Administrative Assistant II
Veribet;Centizu;$7148.14;Mongolia;0.77;1/15/2015;Christy;Male;IV;Clinical Specialist
Bitwolf;Gabvine;$6995.25;Ukraine;03.09.2004;01.10.2017;Riobard;Male;IV;Financial Advisor
Daltfresh;Jayo;$9224.98;Guatemala;0.1.7;11/20/2014;Kelvin;Male;III;Database Administrator III
Zoolab;Bluezoom;$6825.89;Macedonia;0.4.8;1/15/2018;Ruby;Male;IV;VP Marketing
Subin;Fanoodle;$9011.68;Sweden;8.0.0;7/31/2020;Thibaud;Male;III;Web Developer IV
Zoolab;Thoughtworks;$6341.34;Afghanistan;lip.91;07.09.2016;Henrieta;Female;IV;Teacher
Zoolab;Zoonder;$9354.13;Indonesia;01.sie;1/30/2016;Lawry;Male;IV;Legal Assistant
Cardguard;Oba;$8243.71;Kazakhstan;cze.57;11/30/2019;Renault;Male;III;Librarian
Sonsing;Edgeblab;$6198.60;China;0.26;8/20/2022;Ring;Male;II;Junior Executive
Transcof;Yamia;$9342.75;Portugal;06.04.2001;11/14/2022;Nicolea;Female;IV;Help Desk Operator
Ventosanzap;Layo;$9846.72;France;lut.76;7/18/2020;Darby;Female;Sr;Account Executive
Opela;Podcat;$9087.68;France;0.6.4;2/15/2016;Alidia;Female;IV;Nuclear Power Engineer
Stronghold;Rhybox;$9990.14;Colombia;cze.41;8/31/2018;Lief;Male;Sr;Paralegal
Quo Lux;Zazio;$9939.21;China;08.wrz;10.09.2022;Maible;Female;IV;VP Marketing
Cardify;Oyonder;$7184.77;Ukraine;0.3.8;12/22/2015;Werner;Male;IV;Quality Engineer
Otcom;Avaveo;$8946.83;China;sie.27;8/22/2018;Olag;Male;II;Financial Advisor
Home Ing;Avamm;$6438.56;China;03.07.2000;3/18/2019;Ashlie;Female;Sr;Senior Developer
Greenlam;Yambee;$7830.75;China;0.75;5/14/2020;Heindrick;Male;Sr;Physical Therapy Assistant
Bitchip;Twitterlist;$8358.04;Czech Republic;01.lut;8/26/2015;Jilleen;Female;IV;Software Engineer IV
Keylex;Mynte;$7235.41;New Caledonia;09.03.2006;1/17/2019;Yardley;Male;III;Speech Pathologist
Bamity;LiveZ;$6686.55;Sweden;08.cze;10.01.2015;Isac;Male;II;Geologist I
Flowdesk;Photobug;$6577.50;Philippines;08.lut;01.10.2021;Lilli;Female;II;Marketing Manager
Latlux;Linklinks;$9173.41;Palestinian Territory;0.7.9;12.10.2020;Thorny;Male;Sr;Operator
Voltsillam;Kayveo;$7728.82;Algeria;cze.42;4/16/2017;Claudelle;Female;IV;Nurse
Otcom;Twinte;$6499.14;Ukraine;01.09.2002;10/27/2018;Lilllie;Female;Jr;Computer Systems Analyst II
Bigtax;Skivee;$8321.06;Philippines;09.02.2001;4/23/2020;Demetri;Male;III;Civil Engineer
Fintone;Yodel;$7617.51;Sweden;3.0.8;7/19/2022;Daniella;Female;II;Senior Sales Associate
Wrapsafe;Twitterlist;$9978.32;Canada;01.02.2005;09.01.2018;Gerek;Male;IV;Assistant Professor
Sub-Ex;Yodel;$6454.99;Indonesia;09.maj;04.03.2016;Myrilla;Female;Sr;VP Quality Control
Fintone;Feedbug;$6525.13;China;05.mar;5/22/2017;Isabel;Female;II;Research Nurse
Temp;Dynazzy;$7365.21;Czech Republic;0.81;1/23/2019;Bridie;Female;III;Payment Adjustment Coordinator
Duobam;Rhynyx;$9152.35;Bolivia;0.41;7/26/2015;Elwin;Male;II;Business Systems Development Analyst
Kanlam;Jayo;$6873.64;Nepal;lip.59;01.01.2020;Royall;Male;III;Budget/Accounting Analyst I
Zaam-Dox;Chatterpoint;$7109.72;China;0.53;08.09.2022;Temp;Male;III;Design Engineer
Greenlam;Zava;$6165.37;China;06.maj;5/20/2022;Harmon;Male;Jr;Administrative Assistant I
Zamit;Roodel;$6856.23;Portugal;0.5.6;11.01.2015;Abbie;Male;IV;Marketing Manager
Y-Solowarm;Voomm;$8530.27;Brazil;08.03.2003;5/17/2019;Keriann;Female;Jr;Help Desk Operator
Ventosanzap;Thoughtbeat;$6022.86;China;04.08.2003;01.01.2021;Giff;Male;Jr;Paralegal
Tin;Thoughtbeat;$8182.34;Poland;0.59;11.04.2021;Donall;Male;IV;Engineer III
Tempsoft;Yodoo;$6152.18;Philippines;0.17;06.03.2015;Tracie;Female;Jr;Desktop Support Technician
Rank;Gigaclub;$8926.14;Poland;07.lip;6/19/2021;Flora;Female;II;VP Quality Control
Viva;Gabtype;$9399.72;United States;0.3.8;09.12.2018;Goddard;Male;II;Assistant Professor
Ronstring;Vitz;$8568.16;Indonesia;0.32;2/29/2016;Marcelia;Female;II;Graphic Designer
Zathin;Demizz;$8284.48;Philippines;04.08.2003;01.09.2020;Otho;Male;III;Operator
Rank;Wikibox;$9937.99;China;0.2.2;3/17/2015;Lyn;Male;II;Librarian
Job;Linkbridge;$6466.14;Uganda;0.85;08.01.2015;Lancelot;Male;III;Software Consultant
Bytecard;Ooba;$8349.57;Indonesia;0.3.5;03.10.2022;Eimile;Female;IV;Environmental Tech
Hatity;Einti;$6056.58;Portugal;07.wrz;3/28/2017;Noella;Female;Jr;Office Assistant III
Tampflex;Vitz;$8878.24;Sweden;02.wrz;05.06.2019;Nahum;Male;Jr;Assistant Media Planner
Y-Solowarm;Browsecat;$8980.25;Iraq;0.22;06.07.2019;Lian;Female;Sr;Structural Engineer
Wrapsafe;Aibox;$6623.59;Russia;03.09.2007;9/20/2022;Chris;Male;III;Assistant Media Planner
Biodex;Youspan;$8202.67;China;05.sie;12/27/2014;Darby;Male;II;Staff Scientist
Sonsing;Ainyx;$8697.15;Canada;06.lip;08.02.2018;Desmund;Male;II;Cost Accountant
Zaam-Dox;Mycat;$7178.84;Philippines;sie.97;10/16/2015;Dean;Male;III;Senior Sales Associate
Treeflex;Browsedrive;$7744.38;Egypt;05.08.2008;09.10.2019;Judon;Male;II;Financial Analyst
Overhold;Minyx;$9247.46;Argentina;06.08.2005;7/22/2022;Hollis;Male;Jr;Teacher
Bamity;Thoughtstorm;$6795.41;Brazil;0.7.9;12.09.2016;El;Male;III;Paralegal
Wrapsafe;Buzzbean;$7557.26;Togo;0.6.5;5/18/2015;Shaylynn;Female;Sr;Web Developer IV
Mat Lam Tam;Dynava;$7760.55;Russia;0.65;11.04.2018;Bancroft;Male;II;Nurse
Tres-Zap;Devshare;$9139.81;Serbia;0.9.2;11.08.2015;Nolie;Female;III;Software Test Engineer I
Bytecard;Trilia;$6314.67;Indonesia;04.kwi;10/14/2018;Ronna;Female;IV;Marketing Manager
Cookley;Flashset;$8585.85;Mozambique;07.03.2003;07.04.2022;Ethe;Male;II;Senior Quality Engineer
Lotlux;Ntag;$9199.17;Japan;0.8.7;1/29/2022;Drake;Male;Sr;Software Engineer III
Ronstring;Thoughtmix;$8393.17;China;06.01.2003;1/18/2019;Krystalle;Female;II;VP Product Management
Daltfresh;Tagfeed;$6055.12;Palestinian Territory;0.97;11/13/2019;Dorian;Female;Sr;Marketing Manager
Lotstring;Eamia;$7050.07;China;0.19;6/22/2015;Frannie;Male;Jr;Administrative Assistant IV
Duobam;Skippad;$8450.04;Turkmenistan;05.cze;1/30/2017;Ruthann;Female;III;Dental Hygienist
Keylex;Skajo;$6998.73;Indonesia;0.73;09.04.2021;Shay;Male;Jr;Research Associate
Ventosanzap;Jaloo;$9020.73;Germany;07.kwi;03.11.2018;Selle;Female;Sr;Analog Circuit Design manager
Opela;Twinte;$7823.07;South Korea;09.paŸ;11/23/2016;Michal;Female;Jr;Nuclear Power Engineer
Fintone;Tagchat;$7153.44;China;5.0;11/27/2021;Mathilda;Female;II;Business Systems Development Analyst
Fix San;Realcube;$8457.28;Canada;0.59;04.07.2019;Beniamino;Male;Jr;Quality Control Specialist
Fix San;Rhybox;$8219.79;China;mar.91;12/23/2014;Milka;Female;II;VP Product Management
Greenlam;Avamba;$8670.60;Philippines;0.29;2/26/2020;Fraser;Male;III;Human Resources Assistant IV
Kanlam;Voonder;$9018.52;Peru;lut.64;8/18/2022;Michaeline;Female;Jr;VP Marketing
Mat Lam Tam;Geba;$9342.66;China;0.23;3/28/2018;Artemis;Male;Jr;Staff Scientist
Andalax;Yozio;$7811.01;China;05.09.2008;10/14/2021;Serge;Male;IV;Junior Executive
Rank;Realfire;$7327.15;Finland;0.6.0;09.11.2020;Biron;Male;IV;Human Resources Manager
Flexidy;Brainlounge;$8945.75;Portugal;06.03.2008;7/19/2019;Kylynn;Female;Jr;Data Coordiator
Lotstring;Photobug;$9682.36;Russia;0.1.9;06.09.2021;Blanch;Female;II;Registered Nurse
Fintone;Mynte;$9549.59;Sweden;mar.59;2/21/2018;Sande;Female;Jr;Accountant III
Zoolab;Teklist;$9524.56;Indonesia;09.08.2007;10/31/2016;Jobyna;Female;Jr;Account Representative IV
Mat Lam Tam;Divavu;$6581.78;Philippines;07.sie;2/23/2019;Yoshi;Female;Jr;Software Engineer II
Gembucket;Innojam;$8456.81;Serbia;lut.49;11/19/2021;Lincoln;Male;Sr;Professor
Treeflex;Shuffletag;$6623.45;Russia;09.sie;10/18/2017;Marilee;Female;Jr;Clinical Specialist
Stringtough;Camido;$6490.06;Indonesia;06.05.2005;12.07.2019;Lon;Male;Sr;Mechanical Systems Engineer
Bytecard;Twinder;$7364.31;Indonesia;0.87;6/27/2016;Auguste;Female;Jr;Food Chemist
Vagram;Dabfeed;$6665.94;Peru;0.4.8;1/25/2019;Clementius;Male;II;Help Desk Operator
Prodder;Izio;$7725.98;China;09.03.2005;9/25/2018;Imogene;Female;Sr;Clinical Specialist
Latlux;Babbleset;$6264.49;Brazil;09.02.2003;10/13/2016;Bellina;Female;IV;Social Worker
Keylex;Agimba;$6779.92;China;04.sty;09.04.2022;Jeana;Female;III;Financial Advisor
Duobam;Feedfire;$7721.42;Indonesia;0.8.1;01.09.2018;Nelia;Female;III;Geological Engineer
Konklux;Twitterworks;$7331.81;South Korea;07.maj;2/14/2022;Rockwell;Male;III;Clinical Specialist
Bamity;Kwideo;$6730.91;Sweden;04.03.2004;8/24/2015;Bordy;Male;Jr;Information Systems Manager
Viva;Realblab;$6250.78;China;09.lip;11/17/2018;Way;Male;Jr;Administrative Officer
Alpha;Skiba;$9099.03;Poland;0.71;3/17/2018;Lennie;Male;II;Human Resources Manager
Greenlam;Eamia;$9653.57;Philippines;0.3.4;7/27/2018;Gregorio;Male;IV;Financial Analyst
Vagram;Kanoodle;$9935.46;Japan;kwi.13;12/14/2021;Mei;Female;II;Staff Scientist
Kanlam;Livepath;$6382.98;Poland;maj.67;1/31/2015;Evan;Male;Jr;Accounting Assistant II
Stronghold;Tazzy;$9570.68;Thailand;0.9.2;3/28/2016;Joannes;Female;II;Environmental Tech
Tres-Zap;Roodel;$8422.26;Saint Kitts and Nevis;mar.90;06.07.2019;Siffre;Male;III;Staff Accountant III
Tempsoft;Centidel;$8991.24;Thailand;03.09.2004;01.07.2019;Filip;Male;IV;Database Administrator I
Stim;Bubbletube;$6547.94;Poland;lip.96;1/20/2017;Franky;Female;III;Speech Pathologist
Fix San;Brightbean;$7220.52;Indonesia;0.8.3;7/22/2016;Ilyse;Female;III;Senior Cost Accountant
Biodex;Browsedrive;$8049.96;Indonesia;sie.21;01.12.2021;Travis;Male;IV;Web Developer I
Duobam;Edgeblab;$6109.93;Poland;03.01.2001;11/18/2017;Neel;Male;IV;Administrative Officer
Domainer;Yoveo;$7762.61;Portugal;lut.47;4/21/2015;Herman;Male;II;Compensation Analyst
Sonsing;Pixoboo;$9877.34;Canada;01.lut;4/30/2019;Derrick;Male;II;Senior Sales Associate
Holdlamis;Reallinks;$7451.31;Poland;0.7.4;1/14/2020;Kristal;Female;III;Accountant IV
Domainer;Mycat;$8925.16;Slovenia;01.03.2006;2/23/2016;Andrus;Male;IV;Editor
Matsoft;Dabvine;$7660.40;Syria;0.74;11/30/2015;Sigvard;Male;III;Teacher
Y-Solowarm;Trunyx;$7940.24;Thailand;0.28;11/23/2021;Murdock;Male;III;Junior Executive
Quo Lux;Jabbersphere;$9273.76;Vietnam;0.9.7;5/14/2022;Nelson;Male;II;VP Quality Control
Cookley;Yodo;$9213.21;China;02.07.2000;02.03.2015;Arman;Male;Jr;Budget/Accounting Analyst IV
Toughjoyfax;Layo;$6726.52;Nicaragua;0.3.3;9/21/2019;Ganny;Male;Jr;Administrative Assistant I
Rank;Layo;$7719.42;Iceland;0.61;07.10.2017;Paulita;Female;III;Financial Advisor
Zontrax;Edgeclub;$8540.29;Peru;08.lut;9/14/2018;Mikkel;Male;Jr;Environmental Specialist
Temp;Skyndu;$6719.77;Canada;05.wrz;7/17/2021;Sampson;Male;III;Pharmacist
Y-find;Buzzdog;$7293.09;China;02.kwi;02.08.2017;Davy;Male;II;Director of Sales
Konklab;Devshare;$6735.41;Portugal;sie.34;5/22/2015;Thorvald;Male;Sr;Assistant Manager
Vagram;Jetwire;$9391.88;Poland;04.06.2009;4/25/2018;Julianne;Female;Sr;VP Product Management
Trippledex;Bluejam;$7500.12;China;08.06.2004;3/24/2016;Guinevere;Female;Sr;VP Sales
Namfix;Dabtype;$7492.66;Germany;07.lis;10.11.2020;Cesaro;Male;IV;Developer III
Stronghold;Ainyx;$6944.50;United States;06.05.2001;5/18/2020;Nichols;Male;Jr;Paralegal
Redhold;Geba;$6423.63;East Timor;03.sty;4/28/2021;Kristo;Male;II;Account Coordinator
Sonair;Layo;$8572.13;Ukraine;06.lis;04.12.2019;Rolfe;Male;III;Internal Auditor
Flexidy;Trunyx;$8985.20;United States;08.sie;11/26/2021;Bidget;Female;IV;VP Accounting
Konklab;Tambee;$8216.91;Macedonia;0.5.9;06.07.2017;Ira;Male;III;Electrical Engineer
Tres-Zap;Skimia;$8483.59;Norway;0.3.6;8/28/2021;Cazzie;Male;Jr;Recruiting Manager
Y-find;Feednation;$8122.76;Bangladesh;0.1.8;12.05.2017;Keely;Female;IV;Tax Accountant
Veribet;Twitternation;$8681.50;China;0.1.7;5/23/2016;Milzie;Female;II;Engineer IV
Regrant;Kwinu;$9085.62;Bulgaria;0.4.3;07.09.2018;Jacqui;Female;Jr;Sales Representative
Flexidy;Oyoyo;$7598.94;Netherlands;06.lut;11/15/2020;Nanny;Female;Jr;Marketing Assistant
Kanlam;Meejo;$6243.44;France;0.71;7/28/2022;Marchall;Male;Sr;Nuclear Power Engineer
Domainer;Skinix;$8571.81;Colombia;0.3.6;12/18/2019;Frasier;Male;III;Product Engineer
Otcom;Wordpedia;$6915.59;Belarus;09.lut;11.06.2021;Ilene;Female;III;Geological Engineer
Latlux;Zava;$7553.27;China;0.7.5;8/30/2018;Koral;Female;II;Registered Nurse
Latlux;Bluezoom;$9245.44;China;05.sie;01.01.2017;Ardelle;Female;Jr;Data Coordiator
Span;Gabcube;$8252.20;France;0.5.8;8/24/2015;Filmore;Male;IV;Electrical Engineer
Wrapsafe;Kwimbee;$6817.70;China;04.wrz;4/21/2016;Rutter;Male;Jr;Biostatistician I
Otcom;Skipfire;$7915.85;Indonesia;04.mar;3/19/2015;Waldo;Male;III;VP Sales
Vagram;Browsedrive;$9737.31;Brazil;0.3.3;10.11.2019;Forester;Male;Jr;VP Sales
Sonsing;Tagtune;$8969.85;Colombia;07.kwi;09.06.2018;Nichol;Female;Jr;Legal Assistant
Hatity;Linkbuzz;$7201.81;Falkland Islands;01.01.2000;2/20/2016;Martina;Female;Jr;Structural Analysis Engineer
Andalax;Demizz;$7366.59;New Zealand;kwi.64;3/27/2017;Corine;Female;Jr;Assistant Professor
Konklux;Blogtags;$7466.93;China;0.9.5;6/13/2020;Carley;Female;IV;Recruiting Manager
Alpha;Zava;$7253.31;Uzbekistan;0.64;11.12.2020;Jolee;Female;III;Graphic Designer
Zamit;Vinder;$9622.83;Indonesia;02.lip;3/29/2015;Gaspar;Male;IV;VP Accounting
Voltsillam;Twitterbeat;$9424.27;Brazil;3.0;12.01.2020;Flori;Female;II;Compensation Analyst
Aerified;Quimba;$6513.77;Honduras;04.02.2003;1/22/2018;Frederich;Male;III;Research Associate
Keylex;Shufflester;$7425.49;Finland;wrz.97;02.08.2017;Fannie;Female;III;Senior Cost Accountant
Hatity;Brightbean;$8989.68;Indonesia;0.58;09.07.2016;Harri;Female;II;Computer Systems Analyst II
Transcof;Wordware;$8465.73;Brazil;07.01.2003;10/25/2019;Gilda;Female;Jr;Health Coach IV
Lotlux;Buzzshare;$9153.95;Tajikistan;0.86;05.10.2022;Papagena;Female;Sr;Speech Pathologist
Zathin;Fanoodle;$6900.46;Indonesia;07.08.2004;4/20/2018;Eula;Female;Sr;Engineer II
Matsoft;Abata;$7024.38;North Korea;04.sty;09.06.2021;Saba;Female;II;Quality Engineer
Sonsing;Tagtune;$6805.77;Brazil;01.mar;11.09.2019;Rodney;Male;Sr;Social Worker
Pannier;Wikivu;$9417.33;Portugal;1.0.2;7/28/2018;Lisbeth;Female;IV;Senior Cost Accountant
Pannier;Tanoodle;$9165.58;Czech Republic;mar.15;1/20/2017;Barton;Male;Jr;Account Coordinator
Y-find;Mybuzz;$6287.84;Cameroon;0.92;3/24/2018;Adamo;Male;IV;Geological Engineer
Konklux;Kaymbo;$9054.04;Brazil;kwi.91;09.12.2021;Vanni;Female;III;Operator
Holdlamis;Jabberbean;$8386.86;Lithuania;sty.49;3/27/2016;Glenn;Male;IV;Health Coach III
Greenlam;Zoomcast;$7497.59;Ukraine;sty.16;11.10.2019;Brigg;Male;Sr;Software Engineer III
Aerified;Yodoo;$7126.49;China;09.maj;2/24/2019;Janos;Male;Jr;Financial Advisor
Stronghold;Talane;$9254.10;Indonesia;04.09.2006;11/15/2019;Ealasaid;Female;Jr;Graphic Designer
Fixflex;Tagfeed;$9956.48;Norway;0.94;6/28/2017;Olag;Male;II;Pharmacist
Quo Lux;Meejo;$6506.41;China;0.37;06.03.2018;Myrtie;Female;III;Food Chemist
It;Gabtype;$9408.18;United States;02.lut;06.04.2022;Alwyn;Male;Sr;Developer III
Rank;Flipstorm;$9691.07;Russia;0.64;12/16/2018;Burr;Male;Jr;Research Associate
Temp;Zoomlounge;$8972.28;China;0.2.8;05.12.2015;Cassey;Female;Jr;Software Engineer III
Hatity;Thoughtsphere;$8144.82;China;05.mar;12/21/2020;Vernen;Male;IV;Assistant Manager
Span;Brightbean;$6689.37;Russia;0.6.0;10.04.2015;Paulette;Female;IV;Pharmacist
Flexidy;Tagpad;$8105.23;Egypt;lip.34;11/18/2014;Juditha;Female;IV;Paralegal
Prodder;Oozz;$7576.54;Brazil;06.08.2003;12/23/2016;Heywood;Male;II;Editor
Zaam-Dox;Realpoint;$8411.63;Haiti;04.04.2007;12/19/2020;Eadmund;Male;II;Data Coordiator
Biodex;Innojam;$8520.11;China;03.kwi;8/26/2021;Eba;Female;II;VP Sales
Daltfresh;Shufflester;$9667.52;Afghanistan;0.50;12/13/2018;Thadeus;Male;III;Recruiting Manager
Tempsoft;Yotz;$8935.69;Mexico;0.22;1/24/2015;Linet;Female;Jr;Assistant Professor
Stim;Omba;$6045.89;Canada;03.wrz;3/27/2017;Dierdre;Female;IV;Occupational Therapist
It;Yamia;$9844.74;Democratic Republic of the Congo;0.37;2/25/2021;Conrad;Male;Jr;Account Representative II
Cardify;Trudoo;$8180.41;Mauritius;lip.32;12/23/2014;Annelise;Female;II;Marketing Manager
Pannier;Pixoboo;$6528.19;Albania;0.49;10.11.2018;Barry;Female;Jr;Nurse
Gembucket;Topicshots;$8738.74;Honduras;0.4.7;6/15/2018;Terrill;Male;Sr;Administrative Officer
Holdlamis;Thoughtbeat;$7284.97;China;06.lip;01.04.2015;Edgard;Male;Sr;Computer Systems Analyst IV
Bitwolf;Innojam;$7415.59;Pakistan;08.maj;7/30/2018;Gussy;Female;II;Registered Nurse
Konklab;Voonte;$8288.72;Germany;4.0;10.04.2022;Shane;Female;Sr;Administrative Officer
Cardguard;Tavu;$6795.11;Indonesia;7.0;05.06.2016;Margareta;Female;Sr;Librarian
Voyatouch;Voonix;$6240.41;Vietnam;0.1.9;05.11.2022;Shanna;Female;III;Geologist II
Pannier;Jetpulse;$9923.62;Argentina;05.cze;10/28/2019;Baird;Male;II;Software Test Engineer I
Tempsoft;Quatz;$9229.19;Poland;0.87;7/18/2020;Evelina;Female;IV;Environmental Specialist
Sonsing;Thoughtstorm;$6305.10;Indonesia;mar.93;3/31/2018;Boycey;Male;II;Technical Writer
Viva;Yoveo;$8203.94;Peru;06.sie;3/14/2016;Nana;Female;IV;Senior Developer
Pannier;Flashset;$6872.84;Portugal;0.1.3;3/21/2019;Chandra;Female;III;Accounting Assistant III
Job;Wikibox;$6605.45;Philippines;6.0.1;06.09.2019;Lanie;Female;Jr;Occupational Therapist
Gembucket;Linklinks;$7439.87;Sweden;0.57;11.09.2015;Dode;Female;III;Actuary
Zoolab;Mynte;$7768.71;Indonesia;maj.83;10/18/2020;Isaiah;Male;Jr;Executive Secretary
Greenlam;Dabvine;$6286.29;Peru;0.90;02.11.2019;Wayne;Male;IV;Help Desk Technician
Prodder;Dynabox;$6391.68;China;04.sty;7/19/2019;Thibaut;Male;II;Assistant Professor
Alpha;Zooveo;$9493.50;Nigeria;09.07.2005;11/18/2021;Ellwood;Male;II;Human Resources Manager
Bitchip;Edgetag;$6003.25;Poland;mar.68;3/29/2015;Saxon;Male;II;Technical Writer
Sonsing;Roodel;$6952.04;Czech Republic;06.02.2005;01.02.2021;Barthel;Male;Jr;Teacher
Regrant;Vitz;$9260.58;Greece;0.3.2;5/18/2022;Sly;Male;Jr;VP Marketing
Treeflex;Twimm;$7183.86;Philippines;07.lip;2/15/2018;Elmira;Female;Jr;Recruiting Manager
Quo Lux;Buzzbean;$6620.50;China;02.sty;1/20/2020;Reagen;Male;Jr;Information Systems Manager
Aerified;Shufflebeat;$8088.38;Brazil;kwi.22;07.01.2019;Lianna;Female;II;Community Outreach Specialist
Tres-Zap;Feednation;$8329.85;France;05.sie;06.10.2021;Barron;Male;Jr;Community Outreach Specialist
Y-find;Zoomcast;$6891.54;Japan;0.20;05.06.2016;Jerri;Male;Sr;Safety Technician I
Y-Solowarm;Bluezoom;$6322.42;Paraguay;0.34;5/15/2016;Tonnie;Male;III;Financial Advisor
Bamity;Blogspan;$7612.81;Indonesia;06.lut;02.09.2015;Skylar;Male;Jr;Geological Engineer
Cookley;Gabspot;$8317.67;Brazil;01.01.2003;10.11.2017;Kathy;Female;IV;Paralegal
Tin;Linklinks;$9552.88;China;0.81;6/24/2020;Hy;Male;III;Structural Engineer
Zoolab;Blogtags;$7150.10;South Africa;0.95;6/21/2018;Bevon;Male;II;Pharmacist
Redhold;Zooveo;$8951.32;Indonesia;5.0;12.09.2021;Pam;Female;Sr;Human Resources Assistant III
Gembucket;Snaptags;$6960.98;Russia;0.2.8;3/20/2018;Janice;Female;Jr;Recruiting Manager
Flowdesk;Fatz;$9213.61;France;0.4.8;04.02.2018;Duncan;Male;Sr;Recruiting Manager
Stronghold;Jaxworks;$9426.56;Indonesia;0.75;10/21/2015;Leann;Female;IV;Safety Technician IV
Sonair;Yabox;$6158.10;Afghanistan;02.lip;08.07.2017;Toni;Female;III;Assistant Media Planner
Transcof;Brightdog;$6563.15;Slovenia;0.73;8/18/2016;Krishnah;Male;IV;Research Assistant IV
Holdlamis;Browsebug;$9095.19;Croatia;0.8.9;02.10.2022;Kelcey;Female;II;Biostatistician II
Span;Blogtag;$6383.35;China;03.sty;10.12.2017;Car;Male;Sr;Automation Specialist IV
Zathin;Aimbu;$6760.79;Indonesia;lut.47;11/27/2020;Brander;Male;Jr;Quality Engineer
Asoka;Gigaclub;$8035.35;Indonesia;0.11;09.03.2015;Sayres;Male;III;Geologist IV
Lotlux;Topicware;$9050.85;Argentina;03.lut;11/23/2021;Rica;Female;IV;Technical Writer
Voltsillam;Skilith;$9440.57;Albania;05.01.2007;6/13/2019;Celesta;Female;IV;VP Product Management
Veribet;Tazz;$9486.86;Japan;0.46;10.04.2020;Lorelei;Female;III;Teacher
Cardguard;Jamia;$6333.41;Poland;4.0.2;10/17/2020;Zorina;Female;Sr;Operator
Gembucket;Blogspan;$8263.98;Portugal;0.1.4;04.07.2018;Dionisio;Male;Sr;Software Engineer III
Fintone;Dynazzy;$9085.72;Philippines;04.04.2009;5/31/2020;Caesar;Male;III;Software Engineer II
Vagram;Voomm;$8211.89;Poland;0.88;10/29/2015;Consuelo;Female;III;Programmer II
Konklux;Innotype;$6757.76;Indonesia;06.04.2006;7/25/2018;Bernadette;Female;Sr;Desktop Support Technician
Andalax;Jaxbean;$9567.11;China;0.16;1/14/2018;Hogan;Male;IV;Editor
Stringtough;Yakijo;$7666.41;China;0.8.2;2/20/2017;Ronni;Female;III;Sales Representative
Solarbreeze;InnoZ;$6918.72;Iran;5.0;12.10.2019;Freddy;Female;III;Structural Engineer
Stronghold;Yakijo;$7076.47;Greece;05.03.2009;11/14/2015;Iver;Male;Sr;Senior Cost Accountant
Zaam-Dox;Lajo;$9381.58;Pakistan;0.9.3;06.03.2020;Eimile;Female;III;Statistician III
Lotstring;Trilia;$8533.88;Japan;07.lip;08.08.2020;Emilia;Female;II;Data Coordiator
Y-find;Yakijo;$7142.85;Indonesia;0.17;1/25/2022;Brana;Female;II;Engineer III
Zaam-Dox;Oyope;$9028.33;China;mar.84;6/26/2018;Lonnard;Male;Sr;Software Engineer II
Stringtough;Voonder;$8034.04;Philippines;01.mar;11/14/2021;Jedidiah;Male;II;Legal Assistant
